Distance,Use intermediate result,Flow,Angle adjustment,Left tol1,Left tol2,Left tol3,Left tol4,Left tol5,Left DEM,Right tol1,Right tol2,Right tol3,Right tol4,Right tol5,Right DEM,W.S.T.
0,0,380.4722244,20,1.291,0,0.214,2000,30,A,3,0,0.1,2000,30,A,0
0.1,0,379.3243852,18.18796368,2.187,0,0.133,2000,30,A,3,0,0.1,2000,30,A,0
0.2,0,379.323427,3.494523103,1.968,0,0.146,2000,30,A,3,0,0.1,2000,30,A,0
0.3,0,379.3219507,0,2.7,0,0.11,2000,30,A,3,0,0.1,2000,30,A,0
0.4,0,379.1212861,0,3,0,0.1,2000,30,A,3,0,0.1,2000,30,A,0
0.5,0,379.1202501,0,3,0,0.1,2000,30,A,3,0,0.1,2000,30,A,0
0.6,0,379.1195508,-1.013609072,3,0,0.1,2000,30,A,3,0,0.1,2000,30,A,0
0.7,0,379.1174789,0.993414813,3,0,0.1,2000,30,A,3,0,0.1,2000,30,A,0
0.8,0,379.1165207,0,3,0,0.1,2000,30,A,3,0,0.1,2000,30,A,0
0.9,0,379.1156142,0,3,0,0.1,2000,30,A,3.6,0.9,0.11,2000,30,A,0
1,0,379.114138,0,3,0,0.1,2000,30,A,4,2,0.1,2000,30,A,0
1.1,0,379.1092172,0,3,0,0.1,2000,30,A,4,2,0.1,2000,30,A,0
1.2,0,379.1020691,0,3,0,0.1,2000,30,A,4,2,0.1,2000,30,A,0
1.3,0,379.0965526,0,3,0,0.1,2000,30,A,4,2,0.1,2000,30,A,0
1.4,0,379.0953872,0,3,0,0.1,2000,30,A,2,0.5,0.1,2000,30,A,0
1.5,0,379.092616,0,3,0,0.1,2000,30,A,2,0.5,0.1,2000,30,A,0
1.6,0,379.0906477,0,3,0,0.1,2000,30,A,2,0.5,0.11,2000,30,A,0
1.7,0,379.0891196,0,4,2,0.1,2000,30,A,2,0.5,0.1,2000,30,A,0
1.8,0,379.0868664,0,4,2,0.1,2000,30,A,3.6,0.9,0.11,2000,30,A,0
1.9,0,379.0856233,0,2,1,0.1,2000,30,A,3.6,0.9,0.11,2000,30,A,0
2,0,379.0842247,0,4,2,0.1,2000,30,A,3.6,0.9,0.11,2000,30,A,0
2.1,0,379.0831111,0,3.6,0.9,0.11,2000,30,A,4,2,0.1,2000,30,A,0
2.2,0,379.0711458,0,4,2,0.1,2000,30,A,4,2,0.1,2000,30,A,0
2.3,0,379.0666394,0,4,2,0.1,2000,30,A,4,2,0.1,2000,30,A,0
2.4,0,379.058015,0,2,1,0.1,2000,30,A,4,2,0.1,2000,30,A,0
2.5,0,379.0572899,0,4,2,0.1,2000,30,A,4,2,0.1,2000,30,A,0
2.6,0,379.0557359,0,4,2,0.1,2000,30,A,4,2,0.1,2000,30,A,0
2.7,0,379.0545446,0,4,2,0.1,2000,30,A,4,2,0.1,2000,30,A,0
2.8,0,379.0527576,0,2,2,0.1,2000,30,A,4,2,0.1,2000,30,A,0
2.9,0,379.0514626,0,1,0.5,0.1,2000,30,A,4,2,0.1,2000,30,A,0
3,0,378.9714868,0,1,0.5,0.1,2000,30,A,4,2,0.1,2000,30,A,0
3.1,0,378.9701919,0,1,0.5,0.1,2000,30,A,3.5,0.1,1,2000,30,A,0
3.2,0,378.96913,0,0.5,0.2,0.1,2000,30,A,4,2,0.1,2000,30,A,0
3.3,0,378.9674984,0,2,1,0.1,2000,30,A,4,2,0.1,2000,30,A,0
3.4,0,378.9662034,2.343721651,4,2,0.1,2000,30,A,4,0.5,0.1,2000,30,A,0
3.5,0,378.9644423,6.756459799,4,0.5,0.161,2000,30,A,3.099,0.5,0.236,2000,30,A,0
3.6,0,378.9626812,4.457819888,4,2,0.1,2000,30,A,4,0.5,0.1,2000,30,A,0
3.7,0,378.8878852,7.843841622,4,2,0.1,2000,30,A,4,0.5,0.1,2000,30,A,0
3.8,0,378.8864866,12.35553765,3.6,0.9,0.11,2000,30,A,3.826,0.5,0.1,2000,30,A,0
3.9,0,378.8853989,14.31554679,3.6,0.9,0.11,2000,30,A,4.252,0.5,0.1,2000,30,A,0
4,0,378.8831457,11.93065877,4.724,0.5,0.161,2000,30,A,5.249,0.062,0.146,2000,30,A,0
4.1,0,378.8814364,5.79150605,4.649,0.1,0.236,2000,30,A,5.249,0.062,0.146,2000,30,A,0
4.2,0,378.8807371,-5.399051527,4.649,0.5,0.236,2000,30,A,4,2,0.1,2000,30,A,0
4.3,0,378.8795716,5.273485391,4.649,0.1,0.236,2000,30,A,5.249,0.062,0.146,2000,30,A,0
4.4,0,378.8772666,1.021735893,4,2,0.1,2000,30,A,4.724,0.5,0.161,2000,30,A,0
4.5,0,378.870507,0.722029343,4,2,0.1,2000,30,A,4.252,0.5,0.177,2000,30,A,0
4.6,0,378.8693934,1.7813828,4,2,0.1,2000,30,A,4.724,0.5,0.161,2000,30,A,0
4.7,0,378.8526627,-4.485497618,5.249,0.062,0.146,2000,30,A,5,0.5,0.1,2000,30,A,0
4.8,0,378.8502541,-0.808886346,5.249,0.062,0.146,2000,30,A,5.249,0.062,0.146,2000,30,A,0
4.9,0,378.8489591,-7.842335751,5.832,0.325,0.133,2000,30,A,4.724,0.5,0.161,2000,30,A,0
5,0,378.8468872,-11.09309901,6.48,0.85,0.121,2000,30,A,4.724,0.5,0.161,2000,30,A,0
5.1,0,378.8455146,-12.22062287,5.832,0.325,0.133,2000,30,A,4.252,0.15,0.177,2000,30,A,0
5.2,0,374.6559275,-14.14468196,5,0.325,0.133,2000,30,A,4.252,0.5,0.177,2000,30,A,0
5.3,0,374.6551505,-15.47861255,6,0.5,0.146,2000,30,A,4.724,0.5,0.161,2000,30,A,0
5.4,0,374.6537519,-12.60502039,6.48,0.85,0.121,2000,30,A,4.252,0.5,0.177,2000,30,A,0
5.5,0,374.6468887,-9.834472437,6.48,0.85,0.121,2000,30,A,4,0.5,0.161,2000,30,A,0
5.6,0,374.6456456,-7.137035947,6.48,0.85,0.121,2000,30,A,4.252,0.5,0.177,2000,30,A,0
5.7,0,374.6438068,-3.449107074,6.48,0.85,0.121,2000,30,A,5,0.5,0.121,2000,30,A,0
5.8,0,374.6430039,0,6.48,0.85,0.121,2000,30,A,4,2,0.1,2000,30,A,0
5.9,0,374.6418902,0,6.48,0.85,0.121,2000,30,A,4,2,0.1,2000,30,A,0
6,0,374.6130648,0,6.48,0.85,0.121,2000,30,A,4,2,0.1,2000,30,A,0
6.1,0,374.610967,0,6.48,0.85,0.121,2000,30,A,4,2,0.1,2000,30,A,0
6.2,0,374.6078073,0,6.48,0.85,0.121,2000,30,A,5.832,0.325,0.133,2000,30,A,0
6.3,0,374.6069267,0,6.48,0.85,0.121,2000,30,A,5.249,0.062,0.146,2000,30,A,0
6.4,0,374.6052692,-2.2902356,6.48,0.85,0.121,2000,30,A,5.249,0.062,0.146,2000,30,A,0
6.5,0,374.6036894,-2.366954109,6.48,0.85,0.121,2000,30,A,4.184,0.5,0.26,2000,30,A,0
6.6,0,374.6023167,1.189910073,6.48,0.85,0.121,2000,30,A,3.444,0.5,0.214,2000,30,A,0
6.7,0,374.6012031,4.05575032,6.48,0.85,0.121,2000,30,A,4.184,0.1,0.259,2000,30,A,0
6.8,0,374.599675,0,7.2,1.9,0.11,2000,30,A,3.766,0.1,0.285,2000,30,A,0
6.9,0,374.5979657,-1.538556049,6.48,0.85,0.121,2000,30,A,4.724,0.5,0.161,2000,30,A,0
7,0,374.5962823,-7.222316462,6.48,0.85,0.121,2000,30,A,5.249,0.062,0.146,2000,30,A,0
7.1,0,374.5950909,-12.35291911,6.48,0.85,0.121,2000,30,A,4.649,0.1,0.236,2000,30,A,0
7.2,0,374.2282589,-1.359514572,7.2,1.9,0.11,2000,30,A,4.649,0.1,0.236,2000,30,A,0
7.3,0,374.2266791,1.238965757,7.2,1.9,0.11,2000,30,A,5.832,0.325,0.133,2000,30,A,0
7.4,0,374.225177,15.76512436,7.2,1.9,0.11,2000,30,A,5.832,0.325,0.133,2000,30,A,0
7.5,0,374.2224058,3.657235938,6.48,0.85,0.121,2000,30,A,6.48,0.85,0.121,2000,30,A,0
7.6,0,374.2204116,-7.44980021,6.48,0.85,0.121,2000,30,A,5,0.5,0.121,2000,30,A,0
7.7,0,374.2190907,-8.309146652,6.48,0.85,0.121,2000,30,A,6.48,0.85,0.121,2000,30,A,0
7.8,0,374.2055974,-1.344862952,6.48,0.85,0.121,2000,30,A,4,2,0.1,2000,30,A,0
7.9,0,374.2032406,3.666716207,7.2,1.9,0.11,2000,30,A,4,2,0.1,2000,30,A,0
8,0,374.1994076,8.259338316,7.2,1.9,0.11,2000,30,A,4,0.1,0.1,2000,30,A,0
8.1,0,374.1974651,0,7.2,1.9,0.11,2000,30,A,4,0.1,0.1,2000,30,A,0
8.2,0,374.1956522,0,7.2,1.9,0.11,2000,30,A,4,0.1,0.1,2000,30,A,0
8.3,0,374.1939688,0,6.48,0.85,0.121,2000,30,A,4,0.1,0.1,2000,30,A,0
8.4,0,374.1910681,0,6.48,0.85,0.121,2000,30,A,4,0.1,0.1,2000,30,A,0
8.5,0,374.187779,0,6.48,0.85,0.121,2000,30,A,4,0.1,0.1,2000,30,A,0
8.6,0,374.1860437,0,6.48,0.85,0.121,2000,30,A,4,0.1,0.1,2000,30,A,0
8.7,0,374.184179,0,6.48,0.85,0.121,2000,30,A,4,0.1,1,2000,30,A,0
8.8,0,374.1804496,0,6.48,0.85,0.121,2000,30,A,4,0.1,0.1,2000,30,A,0
8.9,0,374.1788697,-2.989310656,5.832,0.325,0.133,2000,30,A,4,0.1,0.1,2000,30,A,0
9,0,374.1769014,2.885699842,6.48,0.85,0.121,2000,30,A,4,0.1,0.1,2000,30,A,0
9.1,0,374.1670598,0,7.2,1.9,0.11,2000,30,A,4,0.1,0.1,2000,30,A,0
9.2,0,374.1662311,0,6.48,0.85,0.121,2000,30,A,4,0.1,0.1,2000,30,A,0
9.3,0,374.1599894,0,7.2,1.9,0.11,2000,30,A,8,4,0.1,2000,30,A,0
9.4,0,374.157788,0,7.2,1.9,0.11,2000,30,A,7.2,1.9,0.11,2000,30,A,0
9.5,0,374.1528672,0,7.2,1.9,0.11,2000,30,A,4,2,0.1,2000,30,A,0
9.6,0,374.1514428,0,6.48,0.85,0.121,2000,30,A,8,4,0.1,2000,30,A,0
9.7,0,374.1491378,0,7.2,1.9,0.11,2000,30,A,8,4,0.1,2000,30,A,0
9.8,0,374.1478947,0,7.2,1.9,0.11,2000,30,A,4,2,0.1,2000,30,A,0
9.9,0,374.1455897,0,6.48,0.85,0.121,2000,30,A,4,2,0.1,2000,30,A,0
10,0,374.1412386,0,6.48,0.85,0.121,2000,30,A,4,2,0.1,2000,30,A,0
10.1,0,374.1405394,0,7.2,1.9,0.11,2000,30,A,4,2,0.1,2000,30,A,0
10.2,0,374.1334949,0,7.2,1.9,0.11,2000,30,A,4,0.5,0.1,2000,30,A,0
10.3,0,374.1314489,0,7.2,1.9,0.11,2000,30,A,4,2,0.1,2000,30,A,0
10.4,0,374.1283151,0,4,2,0.1,2000,30,A,4,2,0.1,2000,30,A,0
10.5,0,374.127823,0,4,2,0.1,2000,30,A,4,2,0.1,2000,30,A,0
10.6,0,374.1236274,0,7.2,1.9,0.11,2000,30,A,7.2,1.9,0.11,2000,30,A,0
10.7,0,374.1227727,0,7.2,1.9,0.11,2000,30,A,6.48,0.85,0.121,2000,30,A,0
10.8,0,374.1221512,0,7.2,1.9,0.11,2000,30,A,6.48,0.85,0.121,2000,30,A,0
10.9,0,374.1212447,0,5.832,0.325,0.133,2000,30,A,5.832,0.325,0.133,2000,30,A,0
11,0,374.1175152,0,6.48,0.85,0.121,2000,30,A,6.48,0.85,0.121,2000,30,A,0
11.1,0,374.1159872,0,7.2,1.9,0.11,2000,30,A,6.48,0.85,0.121,2000,30,A,0
11.2,0,374.1115844,0,4,0.5,1,2000,30,A,6.48,0.85,0.121,2000,30,A,0
11.3,0,374.1104707,0,4,2,0.1,2000,30,A,6.48,0.85,0.121,2000,30,A,0
11.4,0,374.1084765,0,4,2,0.1,2000,30,A,7.2,1.9,0.11,2000,30,A,0
11.5,0,374.1074665,0,4,2,0.1,2000,30,A,8,4,0.1,2000,30,A,0
11.6,0,373.403638,0,4,2,0.1,2000,30,A,8,4,0.1,2000,30,A,0
11.7,0,373.4014625,0,4,2,0.1,2000,30,A,8,4,0.1,2000,30,A,0
11.8,0,373.3980697,0,4,2,0.1,2000,30,A,8,4,0.1,2000,30,A,0
11.9,0,373.3961791,0,6.48,0.85,0.121,2000,30,A,8,4,0.1,2000,30,A,0
12,0,373.3947547,0,5.832,0.325,0.133,2000,30,A,8,4,0.1,2000,30,A,0
12.1,0,373.3924497,0,4,2,0.1,2000,30,A,8,4,0.1,2000,30,A,0
12.2,0,373.3910252,0,6.48,0.85,0.121,2000,30,A,8,4,0.1,2000,30,A,0
12.3,0,373.3877361,0,7.2,1.9,0.11,2000,30,A,8,4,0.1,2000,30,A,0
12.4,0,373.3844728,0,6.48,0.85,0.121,2000,30,A,8,4,0.1,2000,30,A,0
12.5,0,373.3814686,0,7.2,1.9,0.11,2000,30,A,8,4,0.1,2000,30,A,0
12.6,0,373.3798628,0,7.2,1.9,0.11,2000,30,A,8,4,0.1,2000,30,A,0
12.7,0,373.3778168,0,7.2,1.9,0.11,2000,30,A,8,4,0.1,2000,30,A,0
12.8,0,373.3752269,0,8,4,0.1,2000,30,A,8,4,0.1,2000,30,A,0
12.9,0,373.3745017,0,7.2,1.9,0.11,2000,30,A,8,4,0.1,2000,30,A,0
13,0,373.371368,0,7.2,1.9,0.11,2000,30,A,8,4,0.1,2000,30,A,0
13.1,0,373.370332,0,7.2,1.9,0.11,2000,30,A,8,4,0.1,2000,30,A,0
13.2,0,373.3659551,0,7.2,1.9,0.11,2000,30,A,8,4,0.1,2000,30,A,0
13.3,0,373.3632875,0,7.2,1.9,0.11,2000,30,A,7.2,1.9,0.11,2000,30,A,0
13.4,0,373.362407,0,6.48,0.85,0.121,2000,30,A,6.48,0.85,0.121,2000,30,A,0
13.5,0,373.3581336,0,7.2,1.9,0.11,2000,30,A,5.832,0.325,0.133,2000,30,A,0
13.6,0,373.3554143,0,7.2,1.9,0.11,2000,30,A,5.832,0.325,0.133,2000,30,A,0
13.7,0,373.1543352,0,7.2,1.9,0.11,2000,30,A,6.48,0.85,0.121,2000,30,A,0
13.8,0,373.1539208,0,7.2,1.9,0.11,2000,30,A,8,4,0.1,2000,30,A,0
13.9,0,373.151823,2.289607494,7.2,1.9,0.11,2000,30,A,5.832,0.325,0.133,2000,30,A,0
14,0,373.1493885,6.643528927,6.48,0.85,0.121,2000,30,A,6.48,0.85,0.121,2000,30,A,0
14.1,0,373.1471353,0.073692033,7.2,1.9,0.11,2000,30,A,4,2,0.1,2000,30,A,0
14.2,0,373.1459699,-1.342094309,5.832,0.325,0.133,2000,30,A,5.832,0.325,0.133,2000,30,A,0
14.3,0,373.1425771,-2.859205834,6.48,0.85,0.121,2000,30,A,5.832,0.325,0.133,2000,30,A,0
14.4,0,373.1398059,-7.119916358,5.249,0.062,0.146,2000,30,A,5.249,0.062,0.146,2000,30,A,0
14.5,0,373.1379671,0,7.2,1.9,0.11,2000,30,A,5.832,0.325,0.133,2000,30,A,0
14.6,0,373.1349887,-2.886273962,7.2,1.9,0.11,2000,30,A,5.832,0.325,0.133,2000,30,A,0
14.7,0,373.1335125,2.865657824,8,4,0.1,2000,30,A,8,4,0.1,2000,30,A,0
14.8,0,372.7795781,3.436977222,6.48,0.85,0.121,2000,30,A,8,4,0.1,2000,30,A,0
14.9,0,372.7782832,-3.631782681,8,4,0.1,2000,30,A,8,4,0.1,2000,30,A,0
15,0,372.7765739,0,8,4,0.1,2000,30,A,8,4,0.1,2000,30,A,0
15.1,0,372.7745279,0,8,4,0.1,2000,30,A,8,4,0.1,2000,30,A,0
15.2,0,372.773466,0,8,4,0.1,2000,30,A,8,4,0.1,2000,30,A,0
15.3,0,372.7705653,0,6.48,0.85,0.121,2000,30,A,8,4,0.1,2000,30,A,0
15.4,0,372.7626144,0,6.48,0.85,0.121,2000,30,A,8,4,0.1,2000,30,A,0
15.5,0,372.7614748,0,8,4,0.1,2000,30,A,8,4,0.1,2000,30,A,0
15.6,0,372.7598691,0,8,4,0.1,2000,30,A,8,4,0.1,2000,30,A,0
15.7,0,364.545878,0,8,4,0.1,2000,30,A,8,4,0.1,2000,30,A,0
15.8,0,364.5447126,0,8,4,0.1,2000,30,A,8,4,0.1,2000,30,A,0
15.9,0,364.5434694,0.597235195,8,4,0.1,2000,30,A,8,4,0.1,2000,30,A,0
16,0,364.5413975,4.911980454,8,4,0.1,2000,30,A,8,4,0.1,2000,30,A,0
16.1,0,364.5389112,-6.093458377,5.832,0.325,0.133,2000,30,A,7.2,1.9,0.11,2000,30,A,0
16.2,0,364.5333429,0,7.2,1.9,0.11,2000,30,A,8,4,0.1,2000,30,A,0
16.3,0,364.5322552,0,8,4,0.1,2000,30,A,8,4,0.1,2000,30,A,0
16.4,0,364.5300797,0,8,4,0.1,2000,30,A,8,4,0.1,2000,30,A,0
16.5,0,364.528707,0,8,4,0.1,2000,30,A,8,4,0.1,2000,30,A,0
16.6,0,364.5221546,0,8,4,0.1,2000,30,A,8,4,0.1,2000,30,A,0
16.7,0,364.5206266,0,8,4,0.1,2000,30,A,8,4,0.1,2000,30,A,0
16.8,0,364.5173374,0,8,4,0.1,2000,30,A,8,4,0.1,2000,30,A,0
16.9,0,364.514877,-2.508941835,7.2,1.9,0.11,2000,30,A,8,4,0.1,2000,30,A,0
17,0,364.5120799,2.453788613,8,4,0.1,2000,30,A,8,4,0.1,2000,30,A,0
17.1,0,364.5103706,0,8,4,0.1,2000,30,A,8,4,0.1,2000,30,A,0
17.2,0,364.507185,0,8,4,0.1,2000,30,A,8,4,0.1,2000,30,A,0
17.3,0,364.5045693,0,8,4,0.1,2000,30,A,8,4,0.1,2000,30,A,0
17.4,0,340.9842255,0,8,4,0.1,2000,30,A,8,4,0.1,2000,30,A,0
17.5,0,340.9827493,0,8,4,0.1,2000,30,A,8,4,0.1,2000,30,A,0
17.6,0,340.9810141,0,8,4,0.1,2000,30,A,8,4,0.1,2000,30,A,0
17.7,0,340.9795119,0,8,4,0.1,2000,30,A,8,4,0.1,2000,30,A,0
17.8,0,340.9759897,0,8,4,0.1,2000,30,A,8,4,0.1,2000,30,A,0
17.9,0,340.975135,0,8,4,0.1,2000,30,A,8,4,0.1,2000,30,A,0
18,0,340.9722861,0,4,2,0.1,2000,30,A,8,4,0.1,2000,30,A,0
18.1,0,340.9697998,0,8,4,0.1,2000,30,A,8,4,0.1,2000,30,A,0
18.2,0,340.9685308,0,6.48,0.85,0.121,2000,30,A,8,4,0.1,2000,30,A,0
18.3,0,340.9654229,0,7.2,1.9,0.11,2000,30,A,8,4,0.1,2000,30,A,0
18.4,0,340.963351,0,8,4,0.1,2000,30,A,8,4,0.1,2000,30,A,0
18.5,0,340.9596993,0,7.2,1.9,0.11,2000,30,A,4,2,0.1,2000,30,A,0
18.6,0,340.9585856,0,8,4,0.1,2000,30,A,8,4,0.1,2000,30,A,0
18.7,0,340.9559698,0,7.2,1.9,0.11,2000,30,A,8,4,0.1,2000,30,A,0
18.8,0,340.952603,0,8,4,0.1,2000,30,A,8,4,0.1,2000,30,A,0
18.9,0,340.9507382,0,8,4,0.1,2000,30,A,7.2,1.9,0.11,2000,30,A,0
19,0,340.9493656,0,8,4,0.1,2000,30,A,7.2,1.9,0.11,2000,30,A,0
19.1,0,340.9449628,0,8,4,0.1,2000,30,A,7.2,1.9,0.11,2000,30,A,0
19.2,0,340.9425801,0,8,4,0.1,2000,30,A,8,4,0.1,2000,30,A,0
19.3,0,340.9405082,0,8,4,0.1,2000,30,A,8,4,0.1,2000,30,A,0
19.4,0,340.9386694,0,8,4,0.1,2000,30,A,8,4,0.1,2000,30,A,0
19.5,0,340.9357946,0,8,4,0.1,2000,30,A,7.2,1.9,0.11,2000,30,A,0
19.6,0,340.9326608,0,8,4,0.1,2000,30,A,8,4,0.1,2000,30,A,0
19.7,0,340.9306666,0,8,4,0.1,2000,30,A,7.2,1.9,0.11,2000,30,A,0
19.8,0,340.9283616,0,8,4,0.1,2000,30,A,7.2,1.9,0.11,2000,30,A,0
19.9,0,340.9266782,0,8,4,0.1,2000,30,A,8,4,0.1,2000,30,A,0
20,0,340.9243732,0,7.2,1.9,0.11,2000,30,A,8,4,0.1,2000,30,A,0
20.1,0,340.9220164,0,8,4,0.1,2000,30,A,8,4,0.1,2000,30,A,0
20.2,0,340.9204365,0,8,4,0.1,2000,30,A,8,4,0.1,2000,30,A,0
20.3,0,335.7248844,0,8,4,0.1,2000,30,A,8,4,0.1,2000,30,A,0
20.4,0,335.7233045,0,8,4,0.1,2000,30,A,4,2,0.1,2000,30,A,0
20.5,0,335.7203262,0,7.2,1.9,0.11,2000,30,A,8,4,0.1,2000,30,A,0
20.6,0,335.7189276,0,7.2,1.9,0.11,2000,30,A,4,2,0.1,2000,30,A,0
20.7,0,335.717814,0,7.2,1.9,0.11,2000,30,A,8,4,0.1,2000,30,A,0
20.8,0,335.7154831,0,7.2,1.9,0.11,2000,30,A,4,2,0.1,2000,30,A,0
20.9,0,335.7131263,0,7.2,1.9,0.11,2000,30,A,4,2,0.1,2000,30,A,0
21,0,335.7104328,0,6.48,0.85,0.121,2000,30,A,4,2,0.1,2000,30,A,0
21.1,0,335.7088789,0,6.48,0.85,0.121,2000,30,A,8,4,0.1,2000,30,A,0
21.2,0,335.7063149,0,6.48,0.85,0.121,2000,30,A,8,4,0.1,2000,30,A,0
21.3,0,335.7046832,0,6.48,0.85,0.121,2000,30,A,8,4,0.1,2000,30,A,0
21.4,0,335.6979495,13.55251831,6.48,0.85,0.121,2000,30,A,8,4,0.1,2000,30,A,0
21.5,0,335.6966287,-12.25697874,7.2,1.9,0.11,2000,30,A,8,4,0.1,2000,30,A,0
21.6,0,335.6944014,0,4,2,0.1,2000,30,A,8,4,0.1,2000,30,A,0
21.7,0,335.6926661,0,7.2,1.9,0.11,2000,30,A,8,4,0.1,2000,30,A,0
21.8,0,335.6905424,0,4,2,0.1,2000,30,A,8,4,0.1,2000,30,A,0
21.9,0,335.6895324,0,4,2,0.1,2000,30,A,8,4,0.1,2000,30,A,0
22,0,335.6871238,0,4,0.5,0.1,2000,30,A,8,4,0.1,2000,30,A,0
22.1,0,335.6844044,0,5.832,0.325,0.133,2000,30,A,8,4,0.1,2000,30,A,0
22.2,0,335.6830059,0,6.48,0.85,0.121,2000,30,A,8,4,0.1,2000,30,A,0
22.3,0,335.6793541,0,7.2,1.9,0.11,2000,30,A,8,4,0.1,2000,30,A,0
22.4,0,335.6774635,0,4,2,0.1,2000,30,A,8,4,0.1,2000,30,A,0
22.5,0,335.6753398,0,8,4,0.1,2000,30,A,8,4,0.1,2000,30,A,0
22.6,0,335.6723873,0,8,4,0.1,2000,30,A,8,4,0.1,2000,30,A,0
22.7,0,335.6700046,0,8,4,0.1,2000,30,A,8,4,0.1,2000,30,A,0
22.8,0,335.6682176,0,4,2,0.1,2000,30,A,8,4,0.1,2000,30,A,0
22.9,0,335.6669226,0,8,4,0.1,2000,30,A,8,4,0.1,2000,30,A,0
23,0,335.661976,0,4,2,0.1,2000,30,A,4,2,0.1,2000,30,A,0
23.1,0,335.660681,0,8,4,0.1,2000,30,A,8,4,0.1,2000,30,A,0
23.2,0,335.6586868,0,8,4,0.1,2000,30,A,8,4,0.1,2000,30,A,0
23.3,0,335.6553458,0,8,4,0.1,2000,30,A,8,4,0.1,2000,30,A,0
23.4,0,335.6541545,0,8,4,0.1,2000,30,A,8,4,0.1,2000,30,A,0
23.5,0,335.6506322,0,8,4,0.1,2000,30,A,8,4,0.1,2000,30,A,0
23.6,0,335.6490265,-2.885799529,8,4,0.1,2000,30,A,8,4,0.1,2000,30,A,0
23.7,0,335.6463589,2.752180896,7.2,1.9,0.11,2000,30,A,8,4,0.1,2000,30,A,0
23.8,0,335.6442093,0,8,4,0.1,2000,30,A,8,4,0.1,2000,30,A,0
23.9,0,335.6426295,0,8,4,0.1,2000,30,A,8,4,0.1,2000,30,A,0
24,0,335.6406871,0,8,4,0.1,2000,30,A,8,4,0.1,2000,30,A,0
24.1,0,335.6357663,0,8,4,0.1,2000,30,A,8,4,0.1,2000,30,A,0
24.2,0,335.6341605,0,8,4,0.1,2000,30,A,8,4,0.1,2000,30,A,0
24.3,0,335.6316742,0,8,4,0.1,2000,30,A,8,4,0.1,2000,30,A,0
24.4,0,335.6299908,0,7.2,1.9,0.11,2000,30,B,8,4,0.1,2000,30,A,0
24.5,0,335.6281261,0,7.2,1.9,0.11,2000,30,B,8,4,0.1,2000,30,A,0
24.6,0,335.6253031,0,7.2,1.9,0.11,2000,30,B,8,4,0.1,2000,30,A,0
24.7,0,335.6226873,0,7.2,1.9,0.11,2000,30,A,7.2,1.9,0.11,2000,30,A,0
24.8,0,335.6209262,0,7.2,1.9,0.11,2000,30,A,7.2,1.9,0.11,2000,30,A,0
24.9,0,335.6171709,0,7.2,1.9,0.11,2000,30,A,8,4,0.1,2000,30,A,0
25,0,335.6151766,0,7.2,1.9,0.11,2000,30,A,7.2,1.9,0.11,2000,30,A,0
25.1,0,335.6139335,0,7.2,1.9,0.11,2000,30,A,7.2,1.9,0.11,2000,30,A,0
25.2,0,335.6126645,0,7.2,1.9,0.11,2000,30,A,7.2,1.9,0.11,2000,30,A,0
25.3,0,335.6093494,0,8,4,0.1,2000,30,A,6.48,0.85,0.121,2000,30,A,0
25.4,0,335.6075883,0,7.2,1.9,0.11,2000,30,A,7.2,1.9,0.11,2000,30,A,0
25.5,0,335.6035221,0,7.2,1.9,0.11,2000,30,A,5.832,0.325,0.133,2000,30,A,0
25.6,0,335.6023308,0,7.2,1.9,0.11,2000,30,A,5.832,0.325,0.133,2000,30,A,0
25.7,0,335.5999999,0,7.2,1.9,0.11,2000,30,A,5.832,0.325,0.133,2000,30,A,0
25.8,0,335.5982906,0,7.2,1.9,0.11,2000,30,A,5.832,0.325,0.133,2000,30,A,0
25.9,0,335.5969438,0,8,4,0.1,2000,30,A,6.48,0.85,0.121,2000,30,A,0
26,0,335.5894331,0,7.2,1.9,0.11,2000,30,A,6.48,0.85,0.121,2000,30,A,0
26.1,0,335.5880605,0,7.2,1.9,0.11,2000,30,A,6.48,0.85,0.121,2000,30,A,0
26.2,0,335.5852893,0,7.2,1.9,0.11,2000,30,A,6.48,0.85,0.121,2000,30,A,0
26.3,0,335.5835541,0,7.2,1.9,0.11,2000,30,A,8,4,0.1,2000,30,A,0
26.4,0,335.581534,0,6.48,0.85,0.121,2000,30,A,8,4,0.1,2000,30,A,0
26.5,0,335.5801354,0,4,2,0.1,2000,30,A,8,4,0.1,2000,30,A,0
26.6,0,335.5749816,0,7.2,1.9,0.11,2000,30,A,8,4,0.1,2000,30,A,0
26.7,0,335.5718996,0,7.2,1.9,0.11,2000,30,A,8,4,0.1,2000,30,A,0
26.8,0,335.5681183,0,3.6,0.9,0.11,2000,30,A,8,4,0.1,2000,30,A,0
26.9,0,335.5665385,0,4,0.5,0.1,2000,30,A,8,4,0.1,2000,30,A,0
27,0,335.5635342,0,7.2,1.9,0.11,2000,30,A,8,4,0.1,2000,30,A,0
27.1,0,335.5615659,0,6.48,0.85,0.121,2000,30,A,8,4,0.1,2000,30,A,0
27.2,0,302.33201,0,6,0.5,0.1,2000,30,A,8,4,0.1,2000,30,A,0
27.3,0,302.3284618,0,8,0.1,0.1,2000,30,A,8,4,0.1,2000,30,A,0
27.4,0,302.3241367,0,7,0.1,0.1,2000,30,A,8,4,0.1,2000,30,A,0
27.5,0,302.3223756,0,6,0.5,0.1,2000,30,A,8,4,0.1,2000,30,A,0
27.6,0,302.3209253,0,8,4,0.1,2000,30,A,8,4,0.1,2000,30,A,0
27.7,0,302.3189051,0,8,4,0.1,2000,30,A,8,4,0.1,2000,30,A,0
27.8,0,302.3154347,2.26069202,4,2,0.1,2000,30,A,8,4,0.1,2000,30,A,0
27.9,0,302.3139326,2.229485747,8,4,0.1,2000,30,A,8,4,0.1,2000,30,A,0
28,0,302.3119642,6.09336335,8,4,0.1,2000,30,A,8,4,0.1,2000,30,A,0
28.1,0,302.3083125,-3.33890184,8,4,0.1,2000,30,A,8,4,0.1,2000,30,A,0
28.2,0,302.3069139,-2.46581947,8,4,0.1,2000,30,A,8,4,0.1,2000,30,A,0
28.3,0,302.3054636,-1.750829457,7.2,1.9,0.11,2000,30,A,8,4,0.1,2000,30,A,0
28.4,0,302.3037284,-3.163283572,8,4,0.1,2000,30,A,8,4,0.1,2000,30,A,0
28.5,0,302.3021227,0,8,4,0.1,2000,30,A,8,4,0.1,2000,30,A,0
28.6,0,302.3008018,1.117767316,8,4,0.1,2000,30,A,8,4,0.1,2000,30,A,0
28.7,0,302.2994033,1.544639988,8,4,0.1,2000,30,A,8,4,0.1,2000,30,A,0
28.8,0,302.2938609,-2.314110804,8,4,0.1,2000,30,A,8,4,0.1,2000,30,A,0
28.9,0,302.2903905,0,8,4,0.1,2000,30,A,8,4,0.1,2000,30,A,0
29,0,302.2887847,0,7.2,1.9,0.11,2000,30,A,8,4,0.1,2000,30,A,0
29.1,0,302.2868423,0,7.2,1.9,0.11,2000,30,A,8,4,0.1,2000,30,A,0
29.2,0,302.2836826,0,4,0.5,0.1,2000,30,A,8,4,0.1,2000,30,A,0
29.3,0,302.2806007,0,8,4,0.1,2000,30,A,8,4,0.1,2000,30,A,0
29.4,0,302.2786583,0,8,4,0.1,2000,30,A,8,4,0.1,2000,30,A,0
29.5,0,302.2767676,0,8,4,0.1,2000,30,A,8,4,0.1,2000,30,A,0
29.6,0,302.2744885,0,8,4,0.1,2000,30,A,8,4,0.1,2000,30,A,0
29.7,0,264.3678764,0,8,4,0.1,2000,30,A,8,4,0.1,2000,30,A,0
29.8,0,264.3662707,0,8,4,0.1,2000,30,A,8,4,0.1,2000,30,A,0
29.9,0,264.3646649,0,8,4,0.1,2000,30,A,8,4,0.1,2000,30,A,0
30,0,264.3630851,0,10.8,1.9,0.11,2000,30,A,8,4,0.1,2000,30,A,0
30.1,0,264.3622822,0,8,4,0.1,2000,30,A,8,4,0.1,2000,30,A,0
30.2,0,264.3600808,0,8,4,0.1,2000,30,A,8,4,0.1,2000,30,A,0
30.3,0,264.3559629,0,8,4,0.1,2000,30,A,8,4,0.1,2000,30,A,0
30.4,0,264.3549787,0,8,4,0.1,2000,30,A,8,4,0.1,2000,30,A,0
30.5,0,264.35415,0,8,4,0.1,2000,30,A,8,4,0.1,2000,30,A,0
30.6,0,264.3525701,0,8,4,0.1,2000,30,A,8,4,0.1,2000,30,A,0
30.7,0,264.3512493,0,9.72,0.85,0.121,2000,30,A,8,4,0.1,2000,30,A,0
30.8,0,264.3498249,0,8,4,0.1,2000,30,A,8,4,0.1,2000,30,A,0
30.9,0,264.3405013,0,8,4,0.1,2000,30,A,8,4,0.1,2000,30,A,0
31,0,264.3378078,0,8,4,0.1,2000,30,A,8,4,0.1,2000,30,A,0
31.1,0,264.3369013,0,8,4,0.1,2000,30,A,8,4,0.1,2000,30,A,0
31.2,0,264.3336639,0,8,4,0.1,2000,30,A,8,4,0.1,2000,30,A,0
31.3,0,264.3329129,0,8,4,0.1,2000,30,A,8,4,0.1,2000,30,A,0
31.4,0,264.3322654,0,8,4,0.1,2000,30,A,8,4,0.1,2000,30,A,0
31.5,0,264.3130743,0,8,4,0.1,2000,30,A,8,4,0.1,2000,30,A,0
31.6,0,264.3118053,0,8,4,0.1,2000,30,A,8,4,0.1,2000,30,A,0
31.7,0,264.3101477,1.57808257,8,4,0.1,2000,30,A,8,4,0.1,2000,30,A,0
31.8,0,264.3092931,2.537501986,8,4,0.1,2000,30,A,8,4,0.1,2000,30,A,0
31.9,0,264.3084125,-1.962710156,8,4,0.1,2000,30,A,8,4,0.1,2000,30,A,0
32,0,264.3043982,0.365672512,4,2,0.1,2000,30,A,8,4,0.1,2000,30,A,0
32.1,0,264.3034399,-2.575214931,4,2,0.1,2000,30,A,8,4,0.1,2000,30,A,0
32.2,0,264.302404,0,8,4,0.1,2000,30,A,8,4,0.1,2000,30,A,0
32.3,0,264.3014975,0,8,4,0.1,2000,30,A,8,4,0.1,2000,30,A,0
32.4,0,264.3004357,0,8,4,0.1,2000,30,A,8,4,0.1,2000,30,A,0
32.5,0,264.29984,3.706568095,8,4,0.1,2000,30,A,8,4,0.1,2000,30,A,0
32.6,0,264.2968875,7.79572638,6.48,0.85,0.121,2000,30,A,8,4,0.1,2000,30,A,0
32.7,0,264.29523,12.00599403,8,4,0.1,2000,30,A,8,4,0.1,2000,30,A,0
32.8,0,264.2929509,-18.16367921,8,4,0.1,2000,30,A,8,4,0.1,2000,30,A,0
32.9,0,264.292148,0,6.48,0.85,0.121,2000,30,A,10.8,1.9,0.11,2000,30,A,0
33,0,264.2861913,0,8,4,0.1,2000,30,A,8,4,0.1,2000,30,A,0
33.1,0,264.2846373,0,8,4,0.1,2000,30,A,8,4,0.1,2000,30,A,0
33.2,0,264.2839381,0,8,4,0.1,2000,30,A,8,4,0.1,2000,30,A,0
33.3,0,264.2830575,0,7.2,1.9,0.11,2000,30,A,8,4,0.1,2000,30,A,0
33.4,0,264.2822805,0,8,4,0.1,2000,30,A,8,4,0.1,2000,30,A,0
33.5,0,264.2808043,0,8,4,0.1,2000,30,A,8,4,0.1,2000,30,A,0
33.6,0,264.2801568,0,8,4,0.1,2000,30,A,8,4,0.1,2000,30,A,0
33.7,0,264.2784993,0,8,4,0.1,2000,30,A,8,4,0.1,2000,30,A,0
33.8,0,264.277282,0,8,4,0.1,2000,30,A,8,4,0.1,2000,30,A,0
33.9,0,264.2765051,0,8,4,0.1,2000,30,A,8,4,0.1,2000,30,A,0
34,0,264.2756504,0,8,4,0.1,2000,30,A,8,4,0.1,2000,30,A,0
34.1,0,264.2736821,0,8,4,0.1,2000,30,A,10.8,1.9,0.11,2000,30,A,0
34.2,0,264.2726979,0,8,4,0.1,2000,30,A,8,4,0.1,2000,30,A,0
34.3,0,262.9904953,-1.926012933,8,4,0.1,2000,30,A,8,4,0.1,2000,30,A,0
34.4,0,262.9901068,1.96402158,8,4,0.1,2000,30,A,8,4,0.1,2000,30,A,0
34.5,0,262.9893039,0,8,4,0.1,2000,30,A,8,4,0.1,2000,30,A,0
34.6,0,262.9869471,0,8,4,0.1,2000,30,A,8,4,0.1,2000,30,A,0
34.7,0,262.985963,0,8,4,0.1,2000,30,A,8,4,0.1,2000,30,A,0
34.8,0,262.9854191,0,8,4,0.1,2000,30,A,8,4,0.1,2000,30,A,0
34.9,0,262.9837098,0,8,4,0.1,2000,30,A,8,4,0.1,2000,30,A,0
35,0,262.9826479,0,8,4,0.1,2000,30,A,8,4,0.1,2000,30,A,0
35.1,0,262.9819227,-3.156260109,8,4,0.1,2000,30,A,8,4,0.1,2000,30,A,0
35.2,0,262.980317,3.038298325,8,4,0.1,2000,30,A,8,4,0.1,2000,30,A,0
35.3,0,262.9795918,0,8,4,0.1,2000,30,A,8,4,0.1,2000,30,A,0
35.4,0,262.9777789,0,8,4,0.1,2000,30,A,8,4,0.1,2000,30,A,0
35.5,0,262.9770796,0,8,4,0.1,2000,30,A,8,4,0.1,2000,30,A,0
35.6,0,262.9752408,0,8,4,0.1,2000,30,A,8,4,0.1,2000,30,A,0
35.7,0,262.9743861,0,8,4,0.1,2000,30,A,8,4,0.1,2000,30,A,0
35.8,0,262.957785,2.462173224,8,4,0.1,2000,30,A,8,4,0.1,2000,30,A,0
35.9,0,262.9525275,-2.520663902,8,4,0.1,2000,30,A,8,4,0.1,2000,30,A,0
36,0,262.9505592,0,8,4,0.1,2000,30,A,8,4,0.1,2000,30,A,0
36.1,0,262.9492642,0,8,4,0.1,2000,30,A,8,4,0.1,2000,30,A,0
36.2,0,262.948539,0,8,4,0.1,2000,30,A,8,4,0.1,2000,30,A,0
36.3,0,262.9476844,0,8,4,0.1,2000,30,A,8,4,0.1,2000,30,A,0
36.4,0,262.9465966,0,8,4,0.1,2000,30,A,8,4,0.1,2000,30,A,0
36.5,0,262.9441103,-1.414699288,8,4,0.1,2000,30,A,8,4,0.1,2000,30,A,0
36.6,0,262.9429708,-6.200712723,8,4,0.1,2000,30,A,8,4,0.1,2000,30,A,0
36.7,0,262.9363925,6.823036326,8,4,0.1,2000,30,A,8,4,0.1,2000,30,A,0
36.8,0,262.9341652,0,8,4,0.1,2000,30,A,8,4,0.1,2000,30,A,0
36.9,0,262.9323263,0,8,4,0.1,2000,30,A,8,4,0.1,2000,30,A,0
37,0,262.9310314,0,8,4,0.1,2000,30,A,8,4,0.1,2000,30,A,0
37.1,0,262.9283638,0,8,4,0.1,2000,30,A,8,4,0.1,2000,30,A,0
37.2,0,262.9268617,0,8,4,0.1,2000,30,A,8,4,0.1,2000,30,A,0
37.3,0,262.922433,0,8,4,0.1,2000,30,A,8,4,0.1,2000,30,A,0
37.4,0,262.9218373,0,8,4,0.1,2000,30,A,8,4,0.1,2000,30,A,0
37.5,0,262.9201021,0,8,4,0.1,2000,30,A,8,4,0.1,2000,30,A,0
37.6,0,262.9184186,0,8,4,0.1,2000,30,A,8,4,0.1,2000,30,A,0
37.7,0,262.9118144,0,8,4,0.1,2000,30,A,8,4,0.1,2000,30,A,0
37.8,0,262.9112964,0,8,4,0.1,2000,30,A,8,4,0.1,2000,30,A,0
37.9,0,262.9084476,0,8,4,0.1,2000,30,A,8,4,0.1,2000,30,A,0
38,0,262.9076188,0,8,4,0.1,2000,30,A,8,4,0.1,2000,30,A,0
38.1,0,262.9063756,0,8,4,0.1,2000,30,A,8,4,0.1,2000,30,A,0
38.2,0,262.9052361,0,8,4,0.1,2000,30,A,8,4,0.1,2000,30,A,0
38.3,0,262.9040706,0,8,4,0.1,2000,30,A,8,4,0.1,2000,30,A,0
38.4,0,262.9031901,0,8,4,0.1,2000,30,A,8,4,0.1,2000,30,A,0
38.5,0,262.8974405,0,8,4,0.1,2000,30,A,8,4,0.1,2000,30,A,0
38.6,0,262.8959384,0,8,4,0.1,2000,30,A,8,4,0.1,2000,30,A,0
38.7,0,262.8953168,0,8,4,0.1,2000,30,A,8,4,0.1,2000,30,A,0
38.8,0,262.8937888,0,8,4,0.1,2000,30,A,8,4,0.1,2000,30,A,0
38.9,0,262.8930377,0,8,4,0.1,2000,30,A,8,4,0.1,2000,30,A,0
39,0,262.8906291,0,8,4,0.1,2000,30,A,8,4,0.1,2000,30,A,0
39.1,0,262.8902665,0,8,4,0.1,2000,30,A,8,4,0.1,2000,30,A,0
39.2,0,262.8895155,0,8,4,0.1,2000,30,A,8,4,0.1,2000,30,A,0
39.3,0,262.888868,0,8,4,0.1,2000,30,A,8,4,0.1,2000,30,A,0
39.4,0,262.8811501,0,8,4,0.1,2000,30,A,8,4,0.1,2000,30,A,0
39.5,0,262.8759185,0,8,4,0.1,2000,30,A,8,4,0.1,2000,30,A,0
39.6,0,262.8752193,0,8,4,0.1,2000,30,A,8,4,0.1,2000,30,A,0
39.7,0,262.8726553,0,8,4,0.1,2000,30,A,8,4,0.1,2000,30,A,0
39.8,0,262.8719301,0,8,4,0.1,2000,30,A,8,4,0.1,2000,30,A,0
39.9,0,262.8714898,0,8,4,0.1,2000,30,A,8,4,0.1,2000,30,A,0
40,0,262.8708165,0,8,4,0.1,2000,30,A,8,4,0.1,2000,30,A,0
40.1,0,262.8673978,0,8,4,0.1,2000,30,A,8,4,0.1,2000,30,A,0
40.2,0,262.8664913,0,8,4,0.1,2000,30,A,8,4,0.1,2000,30,A,0
40.3,0,262.8636684,0,8,4,0.1,2000,30,A,8,4,0.1,2000,30,A,0
40.4,0,262.8629691,0,8,4,0.1,2000,30,A,8,4,0.1,2000,30,A,0
40.5,0,262.8608972,0,8,4,0.1,2000,30,A,8,4,0.1,2000,30,A,0
40.6,0,262.8599389,0,8,4,0.1,2000,30,A,8,4,0.1,2000,30,A,0
40.7,0,262.8533088,0,8,4,0.1,2000,30,A,8,4,0.1,2000,30,A,0
40.8,0,262.849424,0,8,4,0.1,2000,30,A,8,4,0.1,2000,30,A,0
40.9,0,262.8473003,0,8,4,0.1,2000,30,A,8,4,0.1,2000,30,A,0
41,0,262.846342,0,8,4,0.1,2000,30,A,8,4,0.1,2000,30,A,0
41.1,0,262.8445291,0,8,4,0.1,2000,30,A,8,4,0.1,2000,30,A,0
41.2,0,262.8418097,0,8,4,0.1,2000,30,A,8,4,0.1,2000,30,A,0
41.3,0,262.8403076,0,8,4,0.1,2000,30,A,8,4,0.1,2000,30,A,0
41.4,0,262.8388054,0,8,4,0.1,2000,30,A,8,4,0.1,2000,30,A,0
41.5,0,262.8358788,0,8,4,0.1,2000,30,A,8,4,0.1,2000,30,A,0
41.6,0,262.8341177,0,8,4,0.1,2000,30,A,8,4,0.1,2000,30,A,0
41.7,0,262.831994,0,8,4,0.1,2000,30,A,8,4,0.1,2000,30,A,0
41.8,0,262.8308027,0,8,4,0.1,2000,30,A,8,4,0.1,2000,30,A,0
41.9,0,262.8277207,0,8,4,0.1,2000,30,A,8,4,0.1,2000,30,A,0
42,0,262.8250272,0,8,4,0.1,2000,30,A,8,4,0.1,2000,30,A,0
42.1,0,262.8200805,0,8,4,0.1,2000,30,A,8,4,0.1,2000,30,A,0
42.2,0,262.8191999,0,8,4,0.1,2000,30,A,8,4,0.1,2000,30,A,0
42.3,0,262.817646,0,8,4,0.1,2000,30,A,8,4,0.1,2000,30,A,0
42.4,0,262.8164288,0,8,4,0.1,2000,30,A,8,4,0.1,2000,30,A,0
42.5,0,262.8157813,0,8,4,0.1,2000,30,A,8,4,0.1,2000,30,A,0
42.6,0,262.813036,0,8,4,0.1,2000,30,A,8,4,0.1,2000,30,A,0
42.7,0,262.8105238,0,8,4,0.1,2000,30,A,8,4,0.1,2000,30,A,0
42.8,0,262.8043858,0,8,4,0.1,2000,30,A,8,4,0.1,2000,30,A,0
42.9,0,262.803039,0,8,4,0.1,2000,30,A,8,4,0.1,2000,30,A,0
43,0,262.8022362,0,8,4,0.1,2000,30,A,8,4,0.1,2000,30,A,0
43.1,0,262.8002938,0,8,4,0.1,2000,30,A,8,4,0.1,2000,30,A,0
43.2,0,262.799206,0,8,4,0.1,2000,30,A,8,4,0.1,2000,30,A,0
43.3,0,262.7981441,0,8,4,0.1,2000,30,A,8,4,0.1,2000,30,A,0
43.4,0,262.7972118,0,8,4,0.1,2000,30,A,8,4,0.1,2000,30,A,0
43.5,0,262.793819,0,8,4,0.1,2000,30,A,8,4,0.1,2000,30,A,0
43.6,0,248.7060613,3.71065367,8,4,0.1,2000,30,A,8,4,0.1,2000,30,A,0
43.7,0,248.7052844,-3.430298988,8,4,0.1,2000,30,A,8,4,0.1,2000,30,A,0
43.8,0,248.7024096,0,8,4,0.1,2000,30,A,8,4,0.1,2000,30,A,0
43.9,0,248.7017362,0,8,4,0.1,2000,30,A,8,4,0.1,2000,30,A,0
44,0,248.7011406,0,8,4,0.1,2000,30,A,8,4,0.1,2000,30,A,0
44.1,0,248.6957536,0,8,4,0.1,2000,30,A,8,4,0.1,2000,30,A,0
44.2,0,248.694614,0,8,4,0.1,2000,30,A,8,4,0.1,2000,30,A,0
44.3,0,248.6924644,0,8,4,0.1,2000,30,A,8,4,0.1,2000,30,A,0
44.4,0,248.6919723,0,8,4,0.1,2000,30,A,8,4,0.1,2000,30,A,0
44.5,0,248.6896932,0,8,4,0.1,2000,30,A,8,4,0.1,2000,30,A,0
44.6,0,248.6876731,0,8,4,0.1,2000,30,A,8,4,0.1,2000,30,A,0
44.7,0,248.6872069,0,8,4,0.1,2000,30,A,8,4,0.1,2000,30,A,0
44.8,0,248.6823379,0,8,4,0.1,2000,30,A,8,4,0.1,2000,30,A,0
44.9,0,248.6817941,0,8,4,0.1,2000,30,A,8,4,0.1,2000,30,A,0
45,0,248.6812761,0,8,4,0.1,2000,30,A,8,4,0.1,2000,30,A,0
45.1,0,248.6790229,0,8,4,0.1,2000,30,A,8,4,0.1,2000,30,A,0
45.2,0,248.6717194,0,8,4,0.1,2000,30,A,8,4,0.1,2000,30,A,0
45.3,0,248.6708906,0,8,4,0.1,2000,30,A,8,4,0.1,2000,30,A,0
45.4,0,248.6677569,0,8,4,0.1,2000,30,A,8,4,0.1,2000,30,A,0
45.5,0,248.6658921,0,8,4,0.1,2000,30,A,8,4,0.1,2000,30,A,0
45.6,0,248.6481255,0,8,4,0.1,2000,30,A,8,4,0.1,2000,30,A,0
45.7,0,248.6468565,0,8,4,0.1,2000,30,A,8,4,0.1,2000,30,A,0
45.8,0,248.6460536,0,8,4,0.1,2000,30,A,8,4,0.1,2000,30,A,0
45.9,0,248.644914,0,8,4,0.1,2000,30,A,8,4,0.1,2000,30,A,0
46,0,248.6441112,0,8,4,0.1,2000,30,A,8,4,0.1,2000,30,A,0
46.1,0,248.6432047,0,8,4,0.1,2000,30,A,8,4,0.1,2000,30,A,0
46.2,0,248.6420393,0,8,4,0.1,2000,30,A,8,4,0.1,2000,30,A,0
46.3,0,248.641081,0,8,4,0.1,2000,30,A,8,4,0.1,2000,30,A,0
46.4,0,248.6400191,0,8,4,0.1,2000,30,A,8,4,0.1,2000,30,A,0
46.5,0,248.6391904,0,8,4,0.1,2000,30,A,8,4,0.1,2000,30,A,0
46.6,0,248.6384911,0,8,4,0.1,2000,30,A,12,4,0.1,2000,30,A,0
46.7,0,248.6368854,0,8,4,0.1,2000,30,A,8,4,0.1,2000,30,A,0
46.8,0,248.6360307,0,8,4,0.1,2000,30,A,8,4,0.1,2000,30,A,0
46.9,0,248.6351243,0,8,4,0.1,2000,30,A,8,4,0.1,2000,30,A,0
47,0,248.6342437,0,8,4,0.1,2000,30,A,8,4,0.1,2000,30,A,0
47.1,0,248.6331818,0,8,4,0.1,2000,30,A,8,4,0.1,2000,30,A,0
47.2,0,248.6318351,0,8,4,0.1,2000,30,A,8,4,0.1,2000,30,A,0
47.3,0,248.6306437,0,8,4,0.1,2000,30,A,8,4,0.1,2000,30,A,0
47.4,0,248.6225115,0,8,4,0.1,2000,30,A,8,4,0.1,2000,30,A,0
47.5,0,248.6210353,0,8,4,0.1,2000,30,A,8,4,0.1,2000,30,A,0
47.6,0,248.6168396,0,8,4,0.1,2000,30,A,8,4,0.1,2000,30,A,3
47.7,0,248.6159591,0,8,4,0.1,2000,30,A,8,4,0.1,2000,30,A,0
47.8,0,248.6148195,0,8,4,0.1,2000,30,A,8,4,0.1,2000,30,A,0
47.9,0,248.6141203,0,8,4,0.1,2000,30,A,8,4,0.1,2000,30,A,0
48,0,248.6134728,0,8,4,0.1,2000,30,A,8,4,0.1,2000,30,A,0
48.1,0,248.612903,0,8,4,0.1,2000,30,A,8,4,0.1,2000,30,A,0
48.2,0,248.6035276,0,8,4,0.1,2000,30,A,8,4,0.1,2000,30,A,0
48.3,0,248.6028542,0,8,4,0.1,2000,30,A,8,4,0.1,2000,30,A,0
48.4,0,248.5999018,0,8,4,0.1,2000,30,A,8,4,0.1,2000,30,A,0
48.5,0,248.5994356,0,8,4,0.1,2000,30,A,8,4,0.1,2000,30,A,0
48.6,0,248.5979593,0,8,4,0.1,2000,30,A,8,4,0.1,2000,30,A,0
48.7,0,248.5971824,0,8,4,0.1,2000,30,A,8,4,0.1,2000,30,A,0
48.8,0,248.5967421,0,8,4,0.1,2000,30,A,8,4,0.1,2000,30,A,0
48.9,0,248.5952141,0,8,4,0.1,2000,30,A,8,4,0.1,2000,30,A,0
49,0,248.5941781,0,8,4,0.1,2000,30,A,8,4,0.1,2000,30,A,0
49.1,0,248.5922098,0,8,4,0.1,2000,30,A,8,4,0.1,2000,30,A,0
49.2,0,248.59164,1.428115994,8,4,0.1,2000,30,A,8,4,0.1,2000,30,A,0
49.3,0,248.5823941,-1.511593576,8,4,0.1,2000,30,A,8,4,0.1,2000,30,A,0
49.4,0,248.5797006,0,8,4,0.1,2000,30,A,8,4,0.1,2000,30,A,0
49.5,0,248.5790531,0,8,4,0.1,2000,30,A,8,4,0.1,2000,30,A,0
49.6,0,248.5782244,0,8,4,0.1,2000,30,A,8,4,0.1,2000,30,A,0
49.7,0,248.5761266,0,8,4,0.1,2000,30,A,8,4,0.1,2000,30,A,0
49.8,0,248.5754791,4.737074312,8,4,0.1,2000,30,A,8,4,0.1,2000,30,A,0
49.9,0,248.5746503,-4.369842422,8,4,0.1,2000,30,A,8,4,0.1,2000,30,A,0
50,0,248.5684087,0,8,4,0.1,2000,30,A,8,4,0.1,2000,30,A,0
50.1,0,248.5621412,0,8,4,0.1,2000,30,A,8,4,0.1,2000,30,A,0
50.2,0,248.5615714,0,8,4,0.1,2000,30,A,8,4,0.1,2000,30,A,0
50.3,0,248.5610016,0,8,4,0.1,2000,30,A,8,4,0.1,2000,30,A,0
50.4,0,248.5602246,0,8,4,0.1,2000,30,A,8,4,0.1,2000,30,A,0
50.5,0,248.5592146,-1.544970942,8,4,0.1,2000,30,A,8,4,0.1,2000,30,A,0
50.6,0,248.5588002,1.491636896,8,4,0.1,2000,30,A,8,4,0.1,2000,30,A,0
50.7,0,248.5581786,0,8,4,0.1,2000,30,A,8,4,0.1,2000,30,A,0
50.8,0,248.5576866,0,8,4,0.1,2000,30,A,8,4,0.1,2000,30,A,0
50.9,0,248.5569355,0,8,4,0.1,2000,30,A,8,4,0.1,2000,30,A,0
51,0,248.5560808,0,8,4,0.1,2000,30,A,8,4,0.1,2000,30,A,0
51.1,0,248.5541643,0,8,4,0.1,2000,30,A,8,4,0.1,2000,30,A,0
51.2,0,248.552714,0,8,4,0.1,2000,30,A,8,4,0.1,2000,30,A,0
51.3,0,248.5420695,-0.345453058,8,4,0.1,2000,30,A,8,4,0.1,2000,30,A,0
51.4,0,248.5416033,0.350379661,8,4,0.1,2000,30,A,8,4,0.1,2000,30,A,0
51.5,0,248.539376,0,8,4,0.1,2000,30,A,8,4,0.1,2000,30,A,0
51.6,0,248.5390393,0,8,4,0.1,2000,30,A,8,4,0.1,2000,30,A,0
51.7,0,248.5370969,0,8,4,0.1,2000,30,A,8,4,0.1,2000,30,A,0
51.8,0,248.5367861,0,8,4,0.1,2000,30,A,8,4,0.1,2000,30,A,0
51.9,0,248.534015,0,8,4,0.1,2000,30,A,8,4,0.1,2000,30,A,0
52,0,248.5331862,0,8,4,0.1,2000,30,A,8,4,0.1,2000,30,A,0
52.1,0,248.5306222,0,8,4,0.1,2000,30,A,8,4,0.1,2000,30,A,0
52.2,0,248.5271,0,8,4,0.1,2000,30,A,8,4,0.1,2000,30,A,0
52.3,0,248.5243547,0,8,4,0.1,2000,30,A,8,4,0.1,2000,30,A,0
52.4,0,248.5239662,0,8,4,0.1,2000,30,A,8,4,0.1,2000,30,A,0
52.5,0,248.5215835,0,8,4,0.1,2000,30,A,8,4,0.1,2000,30,A,0
52.6,0,248.5188641,0,8,4,0.1,2000,30,A,8,4,0.1,2000,30,A,0
52.7,0,248.517103,0,8,4,0.1,2000,30,A,8,4,0.1,2000,30,A,0
52.8,0,248.5143059,0,8,4,0.1,2000,30,A,8,4,0.1,2000,30,A,0
52.9,0,248.5112498,0,8,4,0.1,2000,30,A,8,4,0.1,2000,30,A,0
53,0,248.5101362,0,8,4,0.1,2000,30,A,8,4,0.1,2000,30,A,0
53.1,0,248.508634,0,8,4,0.1,2000,30,A,8,4,0.1,2000,30,A,0
53.2,0,248.5065103,0,8,4,0.1,2000,30,A,8,4,0.1,2000,30,A,0
53.3,0,248.5039981,0,8,4,0.1,2000,30,A,8,4,0.1,2000,30,A,0
53.4,0,248.5020039,0,8,4,0.1,2000,30,A,8,4,0.1,2000,30,A,0
53.5,0,248.5008644,0,8,4,0.1,2000,30,A,8,4,0.1,2000,30,A,0
53.6,0,248.4953479,0,8,4,0.1,2000,30,A,8,4,0.1,2000,30,A,0
53.7,0,248.4946745,0,8,4,0.1,2000,30,A,8,4,0.1,2000,30,A,0
53.8,0,248.4926285,0,8,4,0.1,2000,30,A,8,4,0.1,2000,30,A,0
53.9,0,248.4916962,0,8,4,0.1,2000,30,A,8,4,0.1,2000,30,A,0
54,0,248.4902199,0,8,4,0.1,2000,30,A,8,4,0.1,2000,30,A,0
54.1,0,248.4894948,0,8,4,0.1,2000,30,A,8,4,0.1,2000,30,A,0
54.2,0,248.3797352,0,8,4,0.1,2000,30,A,8,4,0.1,2000,30,A,0
54.3,0,248.3784144,0,8,4,0.1,2000,30,A,8,4,0.1,2000,30,A,0
54.4,0,248.3776633,0,8,4,0.1,2000,30,A,8,4,0.1,2000,30,A,0
54.5,0,248.3724058,0,8,4,0.1,2000,30,A,8,4,0.1,2000,30,A,0
54.6,0,248.3717325,0,8,4,0.1,2000,30,A,8,4,0.1,2000,30,A,0
54.7,0,248.3706447,-4.514032745,8,4,0.1,2000,30,A,8,4,0.1,2000,30,A,0
54.8,0,248.3677699,4.450244664,8,4,0.1,2000,30,A,8,4,0.1,2000,30,A,0
54.9,0,248.3657757,0,8,4,0.1,2000,30,A,8,4,0.1,2000,30,A,0
55,0,248.3645844,-11.11059982,8,4,0.1,2000,30,A,8,4,0.1,2000,30,A,0
55.1,0,248.3599744,9.879794462,8,4,0.1,2000,30,A,8,4,0.1,2000,30,A,0
55.2,0,248.3586535,0,8,4,0.1,2000,30,A,8,4,0.1,2000,30,A,0
55.3,0,248.3568147,0,8,4,0.1,2000,30,A,8,4,0.1,2000,30,A,0
55.4,0,248.3555974,12.30986754,8,4,0.1,2000,30,A,8,4,0.1,2000,30,A,0
55.5,0,248.3549759,-12.29396821,8,4,0.1,2000,30,A,8,4,0.1,2000,30,A,0
55.6,0,248.3503918,-0.262167523,8,4,0.1,2000,30,A,8,4,0.1,2000,30,A,0
55.7,0,248.3490968,-0.593877275,8,4,0.1,2000,30,A,8,4,0.1,2000,30,A,0
55.8,0,246.3518256,0,8,4,0.1,2000,30,A,8,4,0.1,2000,30,A,0
55.9,0,246.3510745,0,8,4,0.1,2000,30,A,8,4,0.1,2000,30,A,0
56,0,246.3490544,0,8,4,0.1,2000,30,A,8,4,0.1,2000,30,A,0
56.1,0,246.3485105,0,8,4,0.1,2000,30,A,8,4,0.1,2000,30,A,1
56.2,0,246.3454803,0,8,4,0.1,2000,30,A,8,4,0.1,2000,30,A,0
56.3,0,246.3425797,0,8,4,0.1,2000,30,A,8,4,0.1,2000,30,A,0
56.4,0,246.3383063,0,8,4,0.1,2000,30,A,8,4,0.1,2000,30,A,0
56.5,0,246.3360013,0,8,4,0.1,2000,30,A,8,4,0.1,2000,30,A,0
56.6,0,246.3351467,0,8,4,0.1,2000,30,A,8,4,0.1,2000,30,A,0
56.7,0,246.3324791,0,8,4,0.1,2000,30,A,8,4,0.1,2000,30,A,0
56.8,0,246.3316503,0,8,4,0.1,2000,30,A,8,4,0.1,2000,30,A,0
56.9,0,246.3287755,0,8,4,0.1,2000,30,A,8,4,0.1,2000,30,A,0
57,0,246.3267036,0,8,4,0.1,2000,30,A,8,4,0.1,2000,30,A,0
57.1,0,246.3254864,0,8,4,0.1,2000,30,A,8,4,0.1,2000,30,A,0
57.2,0,246.3228706,0,8,4,0.1,2000,30,A,8,4,0.1,2000,30,A,0
57.3,0,246.3217569,0,8,4,0.1,2000,30,A,8,4,0.1,2000,30,A,0
57.4,0,246.318934,0,8,4,0.1,2000,30,A,8,4,0.1,2000,30,A,0
57.5,0,246.3177167,0,8,4,0.1,2000,30,A,8,4,0.1,2000,30,A,0
57.6,0,246.3149714,0,8,4,0.1,2000,30,A,8,4,0.1,2000,30,A,0
57.7,0,246.3121743,0,8,4,0.1,2000,30,A,8,4,0.1,2000,30,A,0
57.8,0,246.3103355,0,8,4,0.1,2000,30,A,8,4,0.1,2000,30,A,0
57.9,0,246.3083154,0,8,4,0.1,2000,30,A,8,4,0.1,2000,30,A,0
58,0,246.3054924,0,8,4,0.1,2000,30,A,8,4,0.1,2000,30,A,0
58.1,0,246.3033428,0,8,4,0.1,2000,30,A,8,4,0.1,2000,30,A,0
58.2,0,246.2990695,0,12,4,0.1,2000,30,A,8,4,0.1,2000,30,A,0
58.3,0,246.29793,0,8,4,0.1,2000,30,A,8,4,0.1,2000,30,A,0
58.4,0,246.2971012,0,8,4,0.1,2000,30,A,8,4,0.1,2000,30,A,0
58.5,0,246.2939156,0,8,4,0.1,2000,30,A,8,4,0.1,2000,30,A,0
58.6,0,246.2903416,0,8,4,0.1,2000,30,A,8,4,0.1,2000,30,A,0
58.7,0,246.1658197,0,8,4,0.1,2000,30,A,8,4,0.1,2000,30,A,0
58.8,0,246.1648096,0,8,4,0.1,2000,30,A,8,4,0.1,2000,30,A,0
58.9,0,246.1633593,0,8,4,0.1,2000,30,A,8,4,0.1,2000,30,A,0
59,0,246.1559004,0,8,4,0.1,2000,30,A,8,4,0.1,2000,30,A,0
59.1,0,246.1550457,0,8,4,0.1,2000,30,A,8,4,0.1,2000,30,A,0
59.2,0,246.1533882,0,8,4,0.1,2000,30,A,8,0.5,0.1,2000,30,A,0
59.3,0,246.1526112,0,8,4,0.1,2000,30,A,8,0.5,0.1,2000,30,A,0
59.4,0,246.0901949,0,8,4,0.1,2000,30,A,10,0.2,1,2000,30,A,0
59.5,0,246.0894438,0,8,4,0.1,2000,30,A,8,4,0.1,2000,30,A,0
59.6,0,246.0879417,0,8,4,0.1,2000,30,A,8,4,0.1,2000,30,A,0
59.7,0,246.0849115,-4.896795522,8,4,0.1,2000,30,A,11,0.15,1,2000,30,A,0
59.8,0,246.0837461,4.560508499,8,4,0.1,2000,30,A,8,4,0.1,2000,30,A,0
59.9,0,246.0803792,0,8,4,0.1,2000,30,A,8,4,0.1,2000,30,A,0
60,0,246.0778152,0,8,4,0.1,2000,30,A,8,4,0.1,2000,30,A,0
60.1,0,246.0768311,0,8,4,0.1,2000,30,A,8,4,0.1,2000,30,A,0
60.2,0,246.0752512,0,8,4,0.1,2000,30,A,8,4,0.1,2000,30,A,0
60.3,0,246.0721434,0,8,4,0.1,2000,30,A,8,4,0.1,2000,30,A,0
60.4,0,246.0711592,0,8,4,0.1,2000,30,A,8,4,0.1,2000,30,A,0
60.5,0,246.0685175,0,8,4,0.1,2000,30,A,8,4,0.1,2000,30,A,0
60.6,0,246.06787,0,8,4,0.1,2000,30,A,8,4,0.1,2000,30,A,0
60.7,0,246.067119,0,8,4,0.1,2000,30,A,8,4,0.1,2000,30,A,0
60.8,0,246.0593234,0,8,4,0.1,2000,30,A,8,4,0.1,2000,30,A,0
60.9,0,246.0578213,0,8,4,0.1,2000,30,A,8,4,0.1,2000,30,A,0
61,0,246.0568371,0.404893658,8,4,0.1,2000,30,A,8,4,0.1,2000,30,A,0
61.1,0,246.0549983,0.876991355,8,4,0.1,2000,30,A,12,4,0.1,2000,30,A,0
61.2,0,245.8869144,-1.256927969,8,4,0.1,2000,30,A,12,4,0.1,2000,30,A,0
61.3,0,245.88549,0,8,4,0.1,2000,30,A,8,4,0.1,2000,30,A,0
61.4,0,245.8846871,0,8,4,0.1,2000,30,A,8,4,0.1,2000,30,A,0
61.5,0,245.8835994,0,8,4,0.1,2000,30,A,8,4,0.1,2000,30,A,0
61.6,0,245.8811649,0,8,4,0.1,2000,30,A,10.8,1.9,0.11,2000,30,A,0
61.7,0,245.8770987,4.709933758,8,4,0.1,2000,30,A,10.8,1.9,0.11,2000,30,A,0
61.8,0,245.87627,-4.449358134,8,4,0.1,2000,30,A,11,0.5,1,2000,30,A,0
61.9,0,245.8753894,-3.855066383,8,4,0.1,2000,30,A,4,2,0.1,2000,30,A,0
62,0,245.8735765,4.247539824,8,4,0.1,2000,30,A,4,2,0.1,2000,30,A,0
62.1,0,245.8720226,-2.499514066,8,4,0.1,2000,30,A,7.2,1.9,0.11,2000,30,A,0
62.2,0,245.8713492,2.493049635,8,4,0.1,2000,30,A,8,4,0.1,2000,30,A,0
62.3,0,245.8659881,0,8,4,0.1,2000,30,A,8,4,0.1,2000,30,A,0
62.4,0,245.8176608,0,8,4,0.1,2000,30,A,12,0.5,0.11,2000,30,A,1
62.5,0,241.4153142,0,8,4,0.1,2000,30,A,12,4,0.1,2000,30,A,0
62.6,0,241.4147185,0,8,4,0.1,2000,30,A,8,4,0.1,2000,30,A,0
62.7,0,241.1730559,0,8,4,0.1,2000,30,A,8,4,0.1,2000,30,A,0
62.8,0,241.1695854,1.033957462,8,4,0.1,2000,30,A,8,4,0.1,2000,30,A,0
62.9,0,241.1684459,6.531376257,8,4,0.1,2000,30,A,8,4,0.1,2000,30,A,0
63,0,241.1672286,-7.351587218,8,4,0.1,2000,30,A,8,4,0.1,2000,30,A,0
63.1,0,241.1533209,0,8,4,0.1,2000,30,A,8,4,0.1,2000,30,A,0
63.2,0,241.0788616,0,8,4,0.1,2000,30,A,8,4,0.1,2000,30,A,0
63.3,0,241.0725941,0,12,4,0.1,2000,30,A,8,4,0.1,2000,30,A,0
63.4,0,241.0719466,0,12,4,0.1,2000,30,A,12,4,0.1,2000,30,A,0
63.5,0,241.0712991,0,12,4,0.1,2000,30,A,12,4,0.1,2000,30,A,0
63.6,0,241.070807,0,8,4,0.1,2000,30,A,8,4,0.1,2000,30,A,0
63.7,0,241.0698488,0,8,4,0.1,2000,30,A,8,4,0.1,2000,30,A,0
63.8,0,241.0694085,0,8,4,0.1,2000,30,A,8,4,0.1,2000,30,A,0
63.9,0,241.0683984,2.276239202,8,4,0.1,2000,30,A,8,4,0.1,2000,30,A,0
64,0,241.0678805,-2.295302014,8,4,0.1,2000,30,A,8,4,0.1,2000,30,A,0
64.1,0,241.0669222,2.25822973,8,4,0.1,2000,30,A,8,4,0.1,2000,30,A,0
64.2,0,241.0665078,-2.242249545,8,4,0.1,2000,30,A,8,4,0.1,2000,30,A,0
64.3,0,241.0610173,0,8,4,0.1,2000,30,A,8,4,0.1,2000,30,A,0
64.4,0,241.0601367,0,8,4,0.1,2000,30,A,8,4,0.1,2000,30,A,0
64.5,0,241.0588418,0,8,4,0.1,2000,30,A,8,4,0.1,2000,30,A,0
64.6,0,241.0531958,0,8,4,0.1,2000,30,A,8,4,0.1,2000,30,A,0
64.7,0,241.0522116,0,8,4,0.1,2000,30,A,8,4,0.1,2000,30,A,0
64.8,0,241.0513311,0,8,4,0.1,2000,30,A,12,4,0.1,2000,30,A,0
64.9,0,241.0480419,0,8,4,0.1,2000,30,A,8,4,0.1,2000,30,A,0
65,0,241.0463844,0,8,4,0.1,2000,30,A,8,4,0.1,2000,30,A,0
65.1,0,241.0450635,0,8,4,0.1,2000,30,A,8,4,0.1,2000,30,A,0
65.2,0,241.0434837,0,8,4,0.1,2000,30,A,8,4,0.1,2000,30,A,0
65.3,0,241.0378118,0,8,4,0.1,2000,30,A,8,4,0.1,2000,30,A,0
65.4,0,241.0370867,0,8,4,0.1,2000,30,A,8,4,0.1,2000,30,A,0
65.5,0,241.0351702,0,8,4,0.1,2000,30,A,8,4,0.1,2000,30,A,0
65.6,0,241.0342119,-1.263468999,8,4,0.1,2000,30,A,8,4,0.1,2000,30,A,0
65.7,0,241.0334608,1.313691844,8,4,0.1,2000,30,A,8,4,0.1,2000,30,A,0
65.8,0,241.0326839,0,8,4,0.1,2000,30,A,8,4,0.1,2000,30,A,0
65.9,0,241.0317515,0,8,4,0.1,2000,30,A,8,4,0.1,2000,30,A,0
66,0,241.0263904,0,8,4,0.1,2000,30,A,12,4,0.1,2000,30,A,1
66.1,0,240.5595369,0,8,4,0.1,2000,30,A,8,4,0.1,2000,30,A,0
66.2,0,240.5586045,0,8,4,0.1,2000,30,A,8,4,0.1,2000,30,A,0
66.3,0,240.5565067,-0.528916306,8,4,0.1,2000,30,A,8,4,0.1,2000,30,A,0
66.4,0,240.555419,-4.768641379,8,4,0.1,2000,30,A,8,4,0.1,2000,30,A,0
66.5,0,240.5540722,4.419982355,8,4,0.1,2000,30,A,8,4,0.1,2000,30,A,0
66.6,0,240.1524839,0,8,4,0.1,2000,30,A,12,4,0.1,2000,30,A,0
66.7,0,240.1514479,0,8,4,0.1,2000,30,A,8,4,0.1,2000,30,A,0
66.8,0,240.148625,0,8,4,0.1,2000,30,A,8,4,0.1,2000,30,A,0
66.9,0,240.1474854,0,8,4,0.1,2000,30,A,8,4,0.1,2000,30,A,0
67,0,240.1444811,0,8,4,0.1,2000,30,A,8,4,0.1,2000,30,A,0
67.1,0,240.1434193,0,8,4,0.1,2000,30,A,8,4,0.1,2000,30,A,0
67.2,0,240.1337849,0,8,4,0.1,2000,30,A,8,4,0.1,2000,30,A,0
67.3,0,240.1329043,0,8,4,0.1,2000,30,A,8,4,0.1,2000,30,A,0
67.4,0,240.131972,0,8,4,0.1,2000,30,A,8,4,0.1,2000,30,A,0
67.5,0,240.1311173,0,8,4,0.1,2000,30,A,8,4,0.1,2000,30,A,0
67.6,0,240.130418,0,8,4,0.1,2000,30,A,8,4,0.1,2000,30,A,0
67.7,0,240.1295375,0,8,4,0.1,2000,30,A,8,4,0.1,2000,30,A,0
67.8,0,240.1288382,0,8,4,0.1,2000,30,A,8,4,0.1,2000,30,A,0
67.9,0,240.1278022,0,8,4,0.1,2000,30,A,8,4,0.1,2000,30,A,0
68,0,240.1264814,0,8,4,0.1,2000,30,A,8,4,0.1,2000,30,A,0
68.1,0,240.1256008,0,8,4,0.1,2000,30,A,8,4,0.1,2000,30,A,0
68.2,0,240.1245649,0,8,4,0.1,2000,30,A,8,4,0.1,2000,30,A,0
68.3,0,240.1185563,0,8,4,0.1,2000,30,A,8,4,0.1,2000,30,A,0
68.4,0,240.1175204,0,8,4,0.1,2000,30,A,8,4,0.1,2000,30,A,0
68.5,0,240.1147492,0,8,4,0.1,2000,30,A,8,4,0.1,2000,30,A,0
68.6,0,240.1132989,0,8,4,0.1,2000,30,A,8,4,0.1,2000,30,A,0
68.7,0,240.1108903,0,8,4,0.1,2000,30,A,8,4,0.1,2000,30,A,0
68.8,0,240.1087148,0,8,4,0.1,2000,30,A,8,4,0.1,2000,30,A,0
68.9,0,240.1074457,0,8,4,0.1,2000,30,A,8,4,0.1,2000,30,A,0
69,0,240.1040789,0,8,4,0.1,2000,30,A,8,4,0.1,2000,30,A,0
69.1,0,240.1027839,0,8,4,0.1,2000,30,A,8,4,0.1,2000,30,A,0
69.2,0,240.0985106,0,8,4,0.1,2000,30,A,8,4,0.1,2000,30,A,0
69.3,0,240.0972157,0,8,4,0.1,2000,30,A,8,4,0.1,2000,30,A,0
69.4,0,240.0954804,0,8,4,0.1,2000,30,A,8,4,0.1,2000,30,A,0
69.5,0,240.092269,0,8,4,0.1,2000,30,A,8,4,0.1,2000,30,A,0
69.6,0,240.0900417,0,8,4,0.1,2000,30,A,8,4,0.1,2000,30,A,0
69.7,0,240.0887726,0,8,4,0.1,2000,30,A,8,4,0.1,2000,30,A,0
69.8,0,240.0875295,1.566514586,8,4,0.1,2000,30,A,8,4,0.1,2000,30,A,0
69.9,0,240.0783872,3.818909027,8,4,0.1,2000,30,A,8,4,0.1,2000,30,A,0
70,0,240.077144,1.451985621,8,4,0.1,2000,30,A,8,4,0.1,2000,30,A,0
70.1,0,240.075875,3.439272467,8,4,0.1,2000,30,A,8,4,0.1,2000,30,A,0
70.2,0,240.0747613,15.02912715,8,4,0.1,2000,30,A,8,4,0.1,2000,30,A,0
70.3,0,240.0736477,1.018469028,8,4,0.1,2000,30,A,8,4,0.1,2000,30,A,0
70.4,0,240.072275,-2.027261514,8,4,0.1,2000,30,A,8,4,0.1,2000,30,A,0
70.5,0,240.0715498,-0.116338849,8,4,0.1,2000,30,A,8,4,0.1,2000,30,A,0
70.6,0,240.0701254,-13.8323438,8,4,0.1,2000,30,A,8,4,0.1,2000,30,A,0
70.7,0,240.0696074,0,8,4,0.1,2000,30,A,8,4,0.1,2000,30,A,0
70.8,0,240.0681053,0,8,4,0.1,2000,30,A,8,4,0.1,2000,30,A,0
70.9,0,239.5150343,0,8,4,0.1,2000,30,A,8,4,0.1,2000,30,A,0
71,0,239.5146976,0,8,4,0.1,2000,30,A,8,4,0.1,2000,30,A,0
71.1,0,239.5134027,0,8,4,0.1,2000,30,A,8,4,0.1,2000,30,A,0
71.2,0,239.5125739,0,8,4,0.1,2000,30,A,8,4,0.1,2000,30,A,0
71.3,0,239.5085337,0,8,4,0.1,2000,30,A,8,4,0.1,2000,30,A,0
71.4,0,239.5069021,0,8,4,0.1,2000,30,A,8,4,0.1,2000,30,A,0
71.5,0,239.4990547,0,8,4,0.1,2000,30,A,8,4,0.1,2000,30,A,0
71.6,0,239.4983554,0,8,4,0.1,2000,30,A,8,4,0.1,2000,30,A,0
71.7,0,239.4972936,0,8,4,0.1,2000,30,A,8,4,0.1,2000,30,A,0
71.8,0,239.4965943,0,8,4,0.1,2000,30,A,8,4,0.1,2000,30,A,0
71.9,0,239.4960504,0,8,4,0.1,2000,30,A,8,4,0.1,2000,30,A,0
72,0,239.4848362,0,8,4,0.1,2000,30,A,8,4,0.1,2000,30,A,0
72.1,0,239.4834636,0,8,4,0.1,2000,30,A,8,4,0.1,2000,30,A,0
72.2,0,239.4830233,0,8,4,0.1,2000,30,A,8,4,0.1,2000,30,A,0
72.3,0,239.4822722,0,8,4,0.1,2000,30,A,8,4,0.1,2000,30,A,0
72.4,0,239.471576,0,8,4,0.1,2000,30,A,8,4,0.1,2000,30,A,0
72.5,0,239.4706436,0,8,4,0.1,2000,30,A,8,4,0.1,2000,30,A,0
72.6,0,239.4690897,0,8,4,0.1,2000,30,A,8,4,0.1,2000,30,A,0
72.7,0,239.4682609,0,8,4,0.1,2000,30,A,8,4,0.1,2000,30,A,0
72.8,0,239.4674321,1.604802322,8,4,0.1,2000,30,A,8,4,0.1,2000,30,A,0
72.9,0,237.8471193,-1.673900731,8,4,0.1,2000,30,A,8,4,0.1,2000,30,A,0
73,0,237.8463424,0,8,4,0.1,2000,30,A,8,4,0.1,2000,30,A,0
73.1,0,237.8457467,0,8,4,0.1,2000,30,A,8,4,0.1,2000,30,A,0
73.2,0,237.8449179,2.186600384,7.2,1.9,0.11,2000,30,A,8,4,0.1,2000,30,A,0
73.3,0,237.8436489,-2.176962878,7.2,1.9,0.11,2000,30,A,8,4,0.1,2000,30,A,0
73.4,0,237.8428201,0,7.2,1.9,0.11,2000,30,A,8,4,0.1,2000,30,A,0
73.5,0,237.8416288,0,7.2,1.9,0.11,2000,30,A,12,4,0.1,2000,30,A,0
73.6,0,237.5436878,0,7.2,1.9,0.11,2000,30,A,12,4,0.1,2000,30,A,0
73.7,0,237.5419267,0,4,2,0.1,2000,30,A,12,4,0.1,2000,30,A,0
73.8,0,237.217543,0,4,2,0.1,2000,30,A,12,0.5,0.1,2000,30,A,0
73.9,0,237.2162481,0,4,2,0.1,2000,30,A,8,4,0.1,2000,30,A,0
74,0,237.2148754,0,4,2,0.1,2000,30,A,8,4,0.1,2000,30,A,0
74.1,0,237.2139949,0,8,4,0.1,2000,30,A,12,4,0.1,2000,30,A,0
74.2,0,237.2129071,0,8,4,0.1,2000,30,A,12,4,0.1,2000,30,A,0
74.3,0,237.2122078,0,8,4,0.1,2000,30,A,8,4,0.1,2000,30,A,0
74.4,0,237.2114568,0,8,4,0.1,2000,30,A,8,4,0.1,2000,30,A,0
74.5,0,237.1981447,0,8,4,0.1,2000,30,A,8,4,0.1,2000,30,A,0
74.6,0,237.1972124,1.474667048,8,4,0.1,2000,30,A,8,4,0.1,2000,30,A,0
74.7,0,237.1962023,-1.460315949,8,4,0.1,2000,30,A,8,4,0.1,2000,30,A,0
74.8,0,237.1955031,0,8,4,0.1,2000,30,A,8,4,0.1,2000,30,A,0
74.9,0,237.1942858,0,8,4,0.1,2000,30,A,8,4,0.1,2000,30,A,0
75,0,237.1934829,0,8,4,0.1,2000,30,A,8,4,0.1,2000,30,A,0
75.1,0,237.191411,0,8,4,0.1,2000,30,A,8,4,0.1,2000,30,A,0
75.2,0,237.1906859,0,8,4,0.1,2000,30,A,8,4,0.1,2000,30,A,0
75.3,0,237.1874226,0,8,4,0.1,2000,30,A,8,4,0.1,2000,30,A,0
75.4,0,237.183745,0,8,4,0.1,2000,30,A,8,4,0.1,2000,30,A,0
75.5,0,237.1800414,0,8,4,0.1,2000,30,A,8,4,0.1,2000,30,A,0
75.6,0,237.1793421,-0.410965508,8,4,0.1,2000,30,A,8,4,0.1,2000,30,A,0
75.7,0,237.1787724,0.387337169,8,4,0.1,2000,30,A,8,4,0.1,2000,30,A,0
75.8,0,237.0246998,0,8,4,0.1,2000,30,A,8,4,0.1,2000,30,A,0
75.9,0,237.0239487,0,8,4,0.1,2000,30,A,8,4,0.1,2000,30,A,0
76,0,237.0231977,0,8,4,0.1,2000,30,A,8,4,0.1,2000,30,A,0
76.1,0,237.0221876,0,8,4,0.1,2000,30,A,8,4,0.1,2000,30,A,0
76.2,0,237.0211258,0,8,4,0.1,2000,30,A,8,4,0.1,2000,30,A,0
76.3,0,237.0194941,0,8,4,0.1,2000,30,A,8,4,0.1,2000,30,A,0
76.4,0,237.0176812,0,8,4,0.1,2000,30,A,8,4,0.1,2000,30,A,0
76.5,0,237.0164381,0,8,4,0.1,2000,30,A,8,4,0.1,2000,30,A,0
76.6,0,237.015169,0,8,4,0.1,2000,30,A,8,4,0.1,2000,30,A,0
76.7,0,236.5610059,0,8,4,0.1,2000,30,A,8,4,0.1,2000,30,A,0
76.8,0,236.5597887,0,8,4,0.1,2000,30,A,8,4,0.1,2000,30,A,0
76.9,0,236.5590894,0,8,4,0.1,2000,30,A,8,4,0.1,2000,30,A,0
77,0,236.5573801,11.69717925,8,4,0.1,2000,30,A,8,4,0.1,2000,30,A,0
77.1,0,236.5565772,-3.312673335,8,4,0.1,2000,30,A,8,4,0.1,2000,30,A,0
77.2,0,236.5473831,-9.357999602,8,4,0.1,2000,30,A,8,4,0.1,2000,30,A,0
77.3,0,236.5465285,-0.219634247,8,4,0.1,2000,30,A,8,4,0.1,2000,30,A,0
77.4,0,236.4445386,0,8,4,0.1,2000,30,A,8,4,0.1,2000,30,A,0
77.5,0,236.4439688,0,8,4,0.1,2000,30,A,8,4,0.1,2000,30,A,0
77.6,0,236.4432436,0,8,4,0.1,2000,30,A,8,4,0.1,2000,30,A,0
77.7,0,236.4419746,0,8,4,0.1,2000,30,A,8,4,0.1,2000,30,A,0
77.8,0,236.4410163,0,8,4,0.1,2000,30,A,8,4,0.1,2000,30,A,0
77.9,0,236.4395401,0,8,4,0.1,2000,30,A,8,4,0.1,2000,30,A,0
78,0,236.4385818,0,8,4,0.1,2000,30,A,8,4,0.1,2000,30,A,0
78.1,0,236.43752,0,8,4,0.1,2000,30,A,8,4,0.1,2000,30,A,0
78.2,0,236.4359143,0,8,4,0.1,2000,30,A,8,4,0.1,2000,30,A,0
78.3,0,236.434179,4.071733473,8,4,0.1,2000,30,A,8,4,0.1,2000,30,A,0
78.4,0,236.4266424,16.13841706,8,4,0.1,2000,30,A,8,4,0.1,2000,30,A,0
78.5,0,236.4193908,-17.01726126,8,4,0.1,2000,30,A,8,4,0.1,2000,30,A,0
78.6,0,236.4186138,-1.340788512,8,4,0.1,2000,30,A,8,4,0.1,2000,30,A,0
78.7,0,236.4178627,0,8,4,0.1,2000,30,A,8,4,0.1,2000,30,A,0
78.8,0,236.416775,0,8,4,0.1,2000,30,A,8,4,0.1,2000,30,A,0
78.9,0,236.4158167,0,8,4,0.1,2000,30,A,8,4,0.1,2000,30,A,0
79,0,236.414962,0,8,4,0.1,2000,30,A,8,4,0.1,2000,30,A,0
79.1,0,236.4144441,0,8,4,0.1,2000,30,A,8,4,0.1,2000,30,A,0
79.2,0,236.412916,0,8,4,0.1,2000,30,A,8,4,0.1,2000,30,A,0
79.3,0,236.4123722,0,8,4,0.1,2000,30,A,8,4,0.1,2000,30,A,0
79.4,0,236.411388,0,8,4,0.1,2000,30,A,8,4,0.1,2000,30,A,0
79.5,0,236.41087,0,8,4,0.1,2000,30,A,8,4,0.1,2000,30,A,0
79.6,0,236.4100931,-3.241125429,8,4,0.1,2000,30,A,8,4,0.1,2000,30,A,0
79.7,0,235.1415391,3.372139797,12,4,0.1,2000,30,A,8,4,0.1,2000,30,A,0
79.8,0,235.1409952,0,8,4,0.1,2000,30,A,8,4,0.1,2000,30,A,0
79.9,0,235.1335104,0,12,4,0.1,2000,30,A,8,4,0.1,2000,30,A,0
80,0,235.1328371,0,12,4,0.1,2000,30,A,8,4,0.1,2000,30,A,0
80.1,0,234.6746338,5.569593611,8,4,0.1,2000,30,A,8,4,0.1,2000,30,A,0
80.2,0,234.6740381,-5.569033658,8,4,0.1,2000,30,A,12,4,0.1,2000,30,A,0
80.3,0,234.6734424,0.220454281,8,4,0.1,2000,30,A,12,4,0.1,2000,30,A,0
80.4,0,234.672018,-0.230909354,8,4,0.1,2000,30,A,12,4,0.1,2000,30,A,0
80.5,0,234.6708266,0,8,4,0.1,2000,30,A,12,4,0.1,2000,30,A,0
80.6,0,233.9134392,0,8,4,0.1,2000,30,A,12,4,0.1,2000,30,A,0
80.7,0,233.9126105,0,8,4,0.1,2000,30,A,12,4,0.1,2000,30,A,0
80.8,0,233.9114709,0,8,4,0.1,2000,30,A,8,4,0.1,2000,30,A,0
80.9,0,233.9107457,0,8,4,0.1,2000,30,A,8,4,0.1,2000,30,A,0
81,0,233.9085184,0,8,4,0.1,2000,30,A,8,4,0.1,2000,30,A,0
81.1,0,233.9064465,0,8,4,0.1,2000,30,A,8,4,0.1,2000,30,A,0
81.2,0,233.902484,0,8,4,0.1,2000,30,A,8,4,0.1,2000,30,A,0
81.3,0,233.8964496,0,8,4,0.1,2000,30,A,8,4,0.1,2000,30,A,0
81.4,0,233.8961906,0,8,4,0.1,2000,30,A,8,4,0.1,2000,30,A,0
81.5,0,233.8920726,0,8,4,0.1,2000,30,A,8,4,0.1,2000,30,A,0
81.6,0,233.8912957,0,8,4,0.1,2000,30,A,8,4,0.1,2000,30,A,0
81.7,0,233.8908813,0,8,4,0.1,2000,30,A,8,4,0.1,2000,30,A,0
81.8,0,233.8898971,0,8,4,0.1,2000,30,A,8,4,0.1,2000,30,A,0
81.9,0,233.8893792,-17.20054385,8,4,0.1,2000,30,A,8,4,0.1,2000,30,A,0
82,0,233.8823606,-1.143960752,8,4,0.1,2000,30,A,8,4,0.1,2000,30,A,0
82.1,0,233.8802109,7.291627021,8,4,0.1,2000,30,A,8,4,0.1,2000,30,A,0
82.2,0,233.8779059,8.936131481,8,4,0.1,2000,30,A,8,4,0.1,2000,30,A,0
82.3,0,233.8756268,9.962944521,8,4,0.1,2000,30,A,8,4,0.1,2000,30,A,0
82.4,0,233.5043143,0,8,4,0.1,2000,30,A,8,4,0.1,2000,30,A,0
82.5,0,233.5027604,0,8,4,0.1,2000,30,A,8,4,0.1,2000,30,A,0
82.6,0,233.5021906,0,8,4,0.1,2000,30,A,8,4,0.1,2000,30,A,0
82.7,0,233.5002741,0,8,4,0.1,2000,30,A,12,4,0.1,2000,30,A,0
82.8,0,233.499031,0,8,4,0.1,2000,30,A,8,4,0.1,2000,30,A,0
82.9,0,233.4968036,0,8,4,0.1,2000,30,A,8,4,0.1,2000,30,A,0
83,0,233.4955605,2.408831651,8,4,0.1,2000,30,A,8,4,0.1,2000,30,A,0
83.1,0,233.4912872,-2.350528281,8,4,0.1,2000,30,A,8,4,0.1,2000,30,A,0
83.2,0,233.4899922,-1.350226394,8,4,0.1,2000,30,A,8,4,0.1,2000,30,A,0
83.3,0,233.4890599,1.537384169,8,4,0.1,2000,30,A,8,4,0.1,2000,30,A,0
83.4,0,233.4880757,0,8,4,0.1,2000,30,A,8,4,0.1,2000,30,A,0
83.5,0,233.4835952,0,8,4,0.1,2000,30,A,8,4,0.1,2000,30,A,0
83.6,0,231.9195348,0,8,4,0.1,2000,30,A,8,4,0.1,2000,30,A,0
83.7,0,231.9185507,0,8,4,0.1,2000,30,A,8,4,0.1,2000,30,A,0
83.8,0,231.9171262,0,8,4,0.1,2000,30,A,8,4,0.1,2000,30,A,0
83.9,0,231.916168,0,8,4,0.1,2000,30,A,8,4,0.1,2000,30,A,0
84,0,231.9112213,0,8,4,0.1,2000,30,A,8,4,0.1,2000,30,A,0
84.1,0,231.9104184,0,8,4,0.1,2000,30,A,8,4,0.1,2000,30,A,0
84.2,0,231.9082429,0,8,4,0.1,2000,30,A,8,4,0.1,2000,30,A,0
84.3,0,231.9067149,0,8,4,0.1,2000,30,A,8,4,0.1,2000,30,A,0
84.4,0,231.9051091,0,8,4,0.1,2000,30,A,8,4,0.1,2000,30,A,0
84.5,0,231.9016646,0,8,4,0.1,2000,30,A,8,4,0.1,2000,30,A,0
84.6,0,231.8986603,0,8,4,0.1,2000,30,A,8,4,0.1,2000,30,A,0
84.7,0,231.8960186,0,8,4,0.1,2000,30,A,8,4,0.1,2000,30,A,0
84.8,0,231.8952158,0,8,4,0.1,2000,30,A,8,4,0.1,2000,30,A,0
84.9,0,231.8936359,0.258528092,12,4,0.1,2000,30,A,8,4,0.1,2000,30,A,0
85,0,231.8873166,-0.424111472,8,4,0.1,2000,30,A,8,4,0.1,2000,30,A,0
85.1,0,231.8863324,0,8,4,0.1,2000,30,A,8,4,0.1,2000,30,A,0
85.2,0,231.8105782,1.459272013,8,4,0.1,2000,30,A,8,4,0.1,2000,30,A,0
85.3,0,231.809853,-1.516296312,8,4,0.1,2000,30,A,8,4,0.1,2000,30,A,0
85.4,0,231.808558,0,8,4,0.1,2000,30,A,8,4,0.1,2000,30,A,0
85.5,0,231.8054502,-6.762492497,8,4,0.1,2000,30,A,8,4,0.1,2000,30,A,0
85.6,0,231.8041811,6.463288429,8,4,0.1,2000,30,A,8,4,0.1,2000,30,A,0
85.7,0,231.7999337,0,8,4,0.1,2000,30,A,8,4,0.1,2000,30,A,0
85.8,0,231.7991049,0,8,4,0.1,2000,30,A,8,4,0.1,2000,30,A,0
85.9,0,231.7960748,0,8,4,0.1,2000,30,A,8,4,0.1,2000,30,A,0
86,0,231.794987,0,8,4,0.1,2000,30,A,8,4,0.1,2000,30,A,0
86.1,0,230.2154391,0,8,4,0.1,2000,30,A,8,4,0.1,2000,30,A,0
86.2,0,230.2150506,0,12,4,0.1,2000,30,A,8,4,0.1,2000,30,A,0
86.3,0,229.9361972,0,8,4,0.1,2000,30,A,8,4,0.1,2000,30,A,0
86.4,0,229.9354979,0.653709967,8,4,0.1,2000,30,A,8,4,0.1,2000,30,A,0
86.5,0,229.8193931,-0.63111202,8,4,0.1,2000,30,A,8,4,0.1,2000,30,A,0
86.6,0,229.8186162,-6.744850641,8,4,0.1,2000,30,A,8,4,0.1,2000,30,A,0
86.7,0,229.8174507,7.005208522,8,4,0.1,2000,30,A,8,4,0.1,2000,30,A,0
86.8,0,229.8152234,0,8,0.5,1,2000,30,A,8,4,0.1,2000,30,A,0
86.9,0,229.8147572,0,8,0.5,1,2000,30,A,8,4,0.1,2000,30,A,0
87,0,229.814058,0,8,4,0.1,2000,30,A,8,4,0.1,2000,30,A,0
87.1,0,229.8128148,0,8,4,0.1,2000,30,A,8,4,0.1,2000,30,A,0
87.2,0,229.8102249,0,8,4,0.1,2000,30,A,8,4,0.1,2000,30,A,0
87.3,0,229.8095516,0,8,4,0.1,2000,30,A,8,4,0.1,2000,30,A,0
87.4,0,229.8031804,0,8,4,0.1,2000,30,A,8,4,0.1,2000,30,A,0
87.5,0,229.796628,0,8,4,0.1,2000,30,A,8,4,0.1,2000,30,A,0
87.6,0,229.7961877,0,8,4,0.1,2000,30,A,8,4,0.1,2000,30,A,0
87.7,0,229.7940381,0,8,4,0.1,2000,30,A,8,4,0.1,2000,30,A,0
87.8,0,229.7934165,0,8,4,0.1,2000,30,A,8,4,0.1,2000,30,A,0
87.9,0,229.7929504,0,8,4,0.1,2000,30,A,8,4,0.1,2000,30,A,0
88,0,229.7912669,0,8,4,0.1,2000,30,A,8,4,0.1,2000,30,A,0
88.1,0,229.7899461,0,8,4,0.1,2000,30,A,8,4,0.1,2000,30,A,0
88.2,0,229.7883922,0,4,2,0.1,2000,30,A,8,4,0.1,2000,30,A,0
88.3,0,159.7256169,0,4,2,0.1,2000,30,A,8,4,0.1,2000,30,A,0
88.4,0,159.7249565,0,8,4,0.1,2000,30,A,8,4,0.1,2000,30,A,0
88.5,0,159.7236874,0,8,0.5,1,2000,30,A,8,4,0.1,2000,30,A,0
88.6,0,159.7224184,0,8,4,0.1,2000,30,A,8,4,0.1,2000,30,A,0
88.7,0,159.7180285,-0.023608451,12,4,0.1,2000,30,A,8,4,0.1,2000,30,A,0
88.8,0,159.5860477,-2.113005304,12,4,0.1,2000,30,A,8,4,0.1,2000,30,A,0
88.9,0,159.5852966,2.0827257,12,4,0.1,2000,30,A,8,4,0.1,2000,30,A,0
89,0,159.5841571,0,8,4,0.1,2000,30,A,8,4,0.1,2000,30,A,0
89.1,0,159.5820722,0,8,4,0.1,2000,30,A,8,4,0.1,2000,30,A,0
89.2,0,159.5816967,0,8,4,0.1,2000,30,A,8,4,0.1,2000,30,A,0
89.3,0,159.5770996,0,8,4,0.1,2000,30,A,8,4,0.1,2000,30,A,0
89.4,0,159.57214,0,8,4,0.1,2000,30,A,8,4,0.1,2000,30,A,0
89.5,0,159.5702753,0,8,4,0.1,2000,30,A,8,4,0.1,2000,30,A,0
89.6,0,159.5693688,0,8,4,0.1,2000,30,A,8,4,0.1,2000,30,A,0
89.7,0,159.5671674,0,8,4,0.1,2000,30,A,8,4,0.1,2000,30,A,0
89.8,0,159.5656135,-17.08382345,8,4,0.1,2000,30,A,8,4,0.1,2000,30,A,0
89.9,0,159.5647329,4.523718029,8,4,0.1,2000,30,A,8,4,0.1,2000,30,A,0
90,0,159.5636711,13.7129384,8,4,0.1,2000,30,A,8,4,0.1,2000,30,A,0
90.1,0,159.5607186,0,8,4,0.1,2000,30,A,8,4,0.1,2000,30,A,0
90.2,0,159.5575589,0,8,4,0.1,2000,30,A,8,4,0.1,2000,30,A,0
90.3,0,159.5547359,0,8,4,0.1,2000,30,A,8,4,0.1,2000,30,A,0
90.4,0,159.5524827,0,8,4,0.1,2000,30,A,8,4,0.1,2000,30,A,0
90.5,0,159.5519259,0,8,4,0.1,2000,30,A,8,4,0.1,2000,30,A,0
90.6,0,159.5508641,0,8,4,0.1,2000,30,A,8,4,0.1,2000,30,A,0
90.7,0,159.5490123,0,8,4,0.1,2000,30,A,8,4,0.1,2000,30,A,0
90.8,0,159.5472253,0,8,4,0.1,2000,30,A,8,4,0.1,2000,30,A,0
90.9,0,159.5462282,0,8,4,0.1,2000,30,A,8,4,0.1,2000,30,A,0
91,0,159.3209725,0,8,4,0.1,2000,30,A,8,4,0.1,2000,30,A,0
91.1,0,150.9358803,0,8,4,0.1,2000,30,A,8,4,0.1,2000,30,A,0
91.2,0,150.9345724,0,8,4,0.1,2000,30,A,8,4,0.1,2000,30,A,0
91.3,0,150.9340415,0,8,4,0.1,2000,30,A,8,4,0.1,2000,30,A,0
91.4,0,150.9322027,3.676984791,8,4,0.1,2000,30,A,12,4,0.1,2000,30,A,0
91.5,0,150.9304286,-5.469359551,8,4,0.1,2000,30,A,12,4,0.1,2000,30,A,0
91.6,0,150.9294704,0,8,4,0.1,2000,30,A,8,4,0.1,2000,30,A,0
91.7,0,150.9175698,0,8,4,0.1,2000,30,A,8,4,0.1,2000,30,A,0
91.8,0,150.9164303,0,8,4,0.1,2000,30,A,8,4,0.1,2000,30,A,0
91.9,0,150.9148634,0,8,4,0.1,2000,30,A,8,4,0.1,2000,30,A,0
92,0,150.9141123,0,8,4,0.1,2000,30,A,4,2,0.1,2000,30,A,0
92.1,0,150.9128821,0,8,4,0.1,2000,30,A,8,4,0.1,2000,30,A,0
92.2,0,150.9123123,0,8,4,0.1,2000,30,A,8,4,0.1,2000,30,A,0
92.3,0,150.8954133,0,8,4,0.1,2000,30,A,8,4,0.1,2000,30,A,0
92.4,0,150.8015945,0,8,4,0.1,2000,30,A,8,4,0.1,2000,30,A,0
92.5,0,150.8011802,0,8,4,0.1,2000,30,A,8,4,0.1,2000,30,A,0
92.6,0,150.8000406,0,8,4,0.1,2000,30,A,8,4,0.1,2000,30,A,0
92.7,0,150.7989917,0,8,4,0.1,2000,30,A,8,4,0.1,2000,30,A,0
92.8,0,150.7982277,-1.808482395,8,4,0.1,2000,30,A,8,4,0.1,2000,30,A,0
92.9,0,150.7963759,1.858123391,8,4,0.1,2000,30,A,8,4,0.1,2000,30,A,0
93,0,150.7958191,0,8,4,0.1,2000,30,A,8,4,0.1,2000,30,A,0
93.1,0,150.7947184,0,8,4,0.1,2000,30,A,8,4,0.1,2000,30,A,0
93.2,0,150.7923357,-1.260358917,8,4,0.1,2000,30,A,8,4,0.1,2000,30,A,0
93.3,0,150.7897846,-5.944224918,8,4,0.1,2000,30,A,8,4,0.1,2000,30,A,0
93.4,0,150.7891631,-2.984750569,8,4,0.1,2000,30,A,8,4,0.1,2000,30,A,0
93.5,0,150.7882178,7.432311624,8,4,0.1,2000,30,A,8,4,0.1,2000,30,A,0
93.6,0,150.7864307,0,8,4,0.1,2000,30,A,8,4,0.1,2000,30,A,0
93.7,0,150.7824941,0,8,4,0.1,2000,30,A,8,4,0.1,2000,30,A,0
93.8,0,150.7819632,0,8,4,0.1,2000,30,A,8,4,0.1,2000,30,A,0
93.9,0,150.7806941,0,8,4,0.1,2000,30,A,8,4,0.1,2000,30,A,0
94,0,150.7712151,0,8,4,0.1,2000,30,A,8,4,0.1,2000,30,A,0
94.1,0,150.7707231,0,8,4,0.1,2000,30,A,8,4,0.1,2000,30,A,0
94.2,0,150.7701533,0,8,4,0.1,2000,30,A,8,4,0.1,2000,30,A,0
94.3,0,149.9641925,0,8,4,0.1,2000,30,A,8,4,0.1,2000,30,A,0
94.4,0,149.9635191,0,8,4,0.1,2000,30,A,8,4,0.1,2000,30,A,0
94.5,0,149.4851665,0,8,4,0.1,2000,30,A,8,4,0.1,2000,30,A,0
94.6,0,149.4841823,0,8,4,0.1,2000,30,A,8,4,0.1,2000,30,A,0
94.7,0,149.4833794,1.049795614,8,4,0.1,2000,30,A,8,4,0.1,2000,30,A,0
94.8,0,149.4769695,-1.101886136,8,4,0.1,2000,30,A,8,4,0.1,2000,30,A,0
94.9,0,149.4762573,0,8,4,0.1,2000,30,A,8,4,0.1,2000,30,A,0
95,0,149.4748976,0,8,4,0.1,2000,30,A,8,4,0.1,2000,30,A,0
95.1,0,149.4730458,0,8,4,0.1,2000,30,A,8,4,0.1,2000,30,A,0
95.2,0,149.4726314,0,8,4,0.1,2000,30,A,8,4,0.1,2000,30,A,0
95.3,0,149.4716084,0,8,4,0.1,2000,30,A,8,4,0.1,2000,30,A,0
95.4,0,149.4694976,0,8,4,0.1,2000,30,A,8,4,0.1,2000,30,A,0
95.5,0,149.4683581,0,8,4,0.1,2000,30,A,8,4,0.1,2000,30,A,0
95.6,0,149.4670243,0,8,4,0.1,2000,30,A,8,4,0.1,2000,30,A,0
95.7,0,149.4664675,0,8,4,0.1,2000,30,A,8,4,0.1,2000,30,A,0
95.8,0,149.4656517,0,8,4,0.1,2000,30,A,8,4,0.1,2000,30,A,0
95.9,0,149.4628416,0,8,4,0.1,2000,30,A,8,4,0.1,2000,30,A,0
96,0,149.4621035,-5.320537601,8,4,0.1,2000,30,A,8,4,0.1,2000,30,A,0
96.1,0,149.4618186,-2.215603844,8,4,0.1,2000,30,A,8,4,0.1,2000,30,A,0
96.2,0,149.4605107,5.642188657,8,4,0.1,2000,30,A,8,4,0.1,2000,30,A,0
96.3,0,149.4519511,0.948028548,8,4,0.1,2000,30,A,8,4,0.1,2000,30,A,0
96.4,0,149.450967,0,8,4,0.1,2000,30,A,8,4,0.1,2000,30,A,0
96.5,0,149.4505267,0,8,4,0.1,2000,30,A,8,4,0.1,2000,30,A,0
96.6,0,149.449685,0,8,4,0.1,2000,30,A,8,4,0.1,2000,30,A,0
96.7,0,149.4474836,0,8,4,0.1,2000,30,A,8,4,0.1,2000,30,A,0
96.8,0,149.442511,0,8,4,0.1,2000,30,A,8,4,0.1,2000,30,A,0
96.9,0,149.4418765,0,8,4,0.1,2000,30,A,8,4,0.1,2000,30,A,0
97,0,149.4413455,0,8,4,0.1,2000,30,A,8,4,0.1,2000,30,A,0
97.1,0,149.4405686,0,8,4,0.1,2000,30,A,8,4,0.1,2000,30,A,0
97.2,0,149.4398693,0,8,4,0.1,2000,30,A,8,4,0.1,2000,30,A,0
97.3,0,148.6247533,0,8,4,0.1,2000,30,A,8,4,0.1,2000,30,A,0
97.4,0,148.6230698,0,8,4,0.1,2000,30,A,8,4,0.1,2000,30,A,0
97.5,0,148.6223965,2.779771795,8,4,0.1,2000,30,A,8,4,0.1,2000,30,A,0
97.6,0,148.60946,-2.539137892,8,4,0.1,2000,30,A,8,4,0.1,2000,30,A,0
97.7,0,144.446484,0,8,4,0.1,2000,30,A,8,4,0.1,2000,30,A,0
97.8,0,144.445953,0,8,4,0.1,2000,30,A,8,4,0.1,2000,30,A,0
97.9,0,144.445694,6.757568247,8,4,0.1,2000,30,A,8,4,0.1,2000,30,A,0
98,0,144.4449818,-8.155778826,8,4,0.1,2000,30,A,8,4,0.1,2000,30,A,0
98.1,0,144.4442825,0,8,4,0.1,2000,30,A,8,4,0.1,2000,30,A,0
98.2,0,144.4435833,0,8,4,0.1,2000,30,A,8,4,0.1,2000,30,A,0
98.3,0,144.4426898,10.38135517,8,4,0.1,2000,30,A,8,4,0.1,2000,30,A,0
98.4,0,144.4400351,-3.513363191,8,4,0.1,2000,30,A,10.8,1.9,0.11,2000,30,A,0
98.5,0,144.4396855,0,8,4,0.1,2000,30,A,8,4,0.1,2000,30,A,0
98.6,0,144.4384682,0,8,4,0.1,2000,30,A,8,4,0.1,2000,30,A,0
98.7,0,144.4374452,-4.19322695,8,4,0.1,2000,30,A,8,4,0.1,2000,30,A,0
98.8,0,144.4366812,4.37073188,8,4,0.1,2000,30,A,8,4,0.1,2000,30,A,0
98.9,0,144.4357618,0.20924592,8,4,0.1,2000,30,A,8,4,0.1,2000,30,A,0
99,0,144.4341302,0,8,4,0.1,2000,30,A,8,4,0.1,2000,30,A,0
99.1,0,144.4336122,0,8,4,0.1,2000,30,A,8,4,0.1,2000,30,A,0
99.2,0,144.4329,0,8,4,0.1,2000,30,A,8,4,0.1,2000,30,A,0
99.3,0,144.4316568,0,8,4,0.1,2000,30,A,4,2,0.1,2000,30,A,0
99.4,0,144.4305691,0,8,4,0.1,2000,30,A,7.2,1.9,0.11,2000,30,A,0
99.5,0,144.4293907,0,8,4,0.1,2000,30,A,7.2,1.9,0.11,2000,30,A,0
99.6,0,144.4273317,0,8,4,0.1,2000,30,A,7.2,1.9,0.11,2000,30,A,0
99.7,0,144.4251692,0,8,4,0.1,2000,30,A,8,4,0.1,2000,30,A,0
99.8,0,144.4238483,0,8,4,0.1,2000,30,A,7.2,1.9,0.11,2000,30,A,0
99.9,0,144.423149,0,12,4,0.1,2000,30,A,7.2,1.9,0.11,2000,30,A,0
100,0,144.4220742,0,12,4,0.1,2000,30,A,7.2,1.9,0.11,2000,30,A,0
100.1,0,144.4182283,0,8,4,0.1,2000,30,A,8,4,0.1,2000,30,A,0
100.2,0,144.4171405,0,8,4,0.1,2000,30,A,8,4,0.1,2000,30,A,0
100.3,0,144.4161693,-1.530305077,8,4,0.1,2000,30,A,8,4,0.1,2000,30,A,0
100.4,0,144.0279319,1.417740313,8,4,0.1,2000,30,A,8,4,0.1,2000,30,A,0
100.5,0,144.0250182,0,8,4,0.1,2000,30,A,8,4,0.1,2000,30,A,0
100.6,0,144.0242672,0,8,4,0.1,2000,30,A,8,4,0.1,2000,30,A,0
100.7,0,144.0234254,-6.271869971,8,4,0.1,2000,30,A,8,4,0.1,2000,30,A,0
100.8,0,144.0218715,5.639172336,8,4,0.1,2000,30,A,8,4,0.1,2000,30,A,0
100.9,0,144.0205895,0,8,4,0.1,2000,30,A,8,4,0.1,2000,30,A,0
101,0,144.019955,0,8,4,0.1,2000,30,A,8,4,0.1,2000,30,A,0
101.1,0,144.0157335,0,8,4,0.1,2000,30,A,8,4,0.1,2000,30,A,0
101.2,0,144.0150083,0,8,4,0.1,2000,30,A,8,4,0.1,2000,30,A,0
101.3,0,144.013804,0,8,4,0.1,2000,30,A,8,4,0.1,2000,30,A,0
101.4,0,144.0127033,0,8,4,0.1,2000,30,A,8,4,0.1,2000,30,A,0
101.5,0,144.0119004,0.517470522,8,4,0.1,2000,30,A,8,4,0.1,2000,30,A,0
101.6,0,144.0114731,-0.621641131,8,4,0.1,2000,30,A,8,4,0.1,2000,30,A,0
101.7,0,144.0101782,0,8,4,0.1,2000,30,A,8,4,0.1,2000,30,A,0
101.8,0,144.0049725,0,8,4,0.1,2000,30,A,8,4,0.1,2000,30,A,0
101.9,0,144.0037423,0,8,4,0.1,2000,30,A,8,4,0.1,2000,30,A,0
102,0,143.9905079,0,8,4,0.1,2000,30,A,8,4,0.1,2000,30,A,0
102.1,0,143.9896274,0,8,4,0.1,2000,30,A,8,4,0.1,2000,30,A,0
102.2,0,143.9885655,0,8,4,0.1,2000,30,A,8,4,0.1,2000,30,A,0
102.3,0,143.9875037,0.121248106,8,4,0.1,2000,30,A,8,4,0.1,2000,30,A,0
102.4,0,143.9865066,-0.144450769,8,4,0.1,2000,30,A,8,4,0.1,2000,30,A,0
102.5,0,143.9821167,0,8,4,0.1,2000,30,A,8,4,0.1,2000,30,A,0
102.6,0,143.9811066,0,8,4,0.1,2000,30,A,8,4,0.1,2000,30,A,0
102.7,0,143.9804333,0,8,4,0.1,2000,30,A,8,4,0.1,2000,30,A,0
102.8,0,143.9778304,0,8,4,0.1,2000,30,A,8,4,0.1,2000,30,A,0
102.9,0,143.976911,0,8,4,0.1,2000,30,A,8,4,0.1,2000,30,A,0
103,0,143.9761988,0,8,4,0.1,2000,30,A,8,4,0.1,2000,30,A,0
103.1,0,98.56713545,0,8,4,0.1,2000,30,A,8,4,0.1,2000,30,A,0
103.2,0,98.56678581,1.445461917,8,4,0.1,2000,30,A,8,4,0.1,2000,30,A,0
103.3,0,98.56603474,-1.530324811,8,4,0.1,2000,30,A,8,4,0.1,2000,30,A,0
103.4,0,98.56521245,0,8,4,0.1,2000,30,A,8,4,0.1,2000,30,A,0
103.5,0,98.56310817,0,8,4,0.1,2000,30,A,8,4,0.1,2000,30,A,0
103.6,0,98.56259019,0,8,4,0.1,2000,30,A,8,4,0.1,2000,30,A,0
103.7,0,98.56118517,0,8,4,0.1,2000,30,A,8,4,0.1,2000,30,A,0
103.8,0,98.56035641,0,8,4,0.1,2000,30,A,8,4,0.1,2000,30,A,0
103.9,0,98.55984491,0,8,4,0.1,2000,30,A,8,4,0.1,2000,30,A,0
104,0,98.5575399,5.090624394,8,4,0.1,2000,30,A,8,4,0.1,2000,30,A,0
104.1,0,98.55697013,-4.624069719,8,4,0.1,2000,30,A,8,4,0.1,2000,30,A,0
104.2,0,98.55067022,0,8,4,0.1,2000,30,A,8,4,0.1,2000,30,A,0
104.3,0,98.12037297,0,8,4,0.1,2000,30,A,8,4,0.1,2000,30,A,0
104.4,0,98.11978377,0,8,4,0.1,2000,30,A,8,4,0.1,2000,30,A,0
104.5,0,98.11918162,0,8,4,0.1,2000,30,A,8,4,0.1,2000,30,A,0
104.6,0,98.11870249,0,8,4,0.1,2000,30,A,8,4,0.1,2000,30,A,0
104.7,0,98.11743992,0,8,4,0.1,2000,30,A,8,4,0.1,2000,30,A,0
104.8,0,98.11688957,0,8,4,0.1,2000,30,A,8,4,0.1,2000,30,A,0
104.9,0,98.1161385,1.943640979,8,4,0.1,2000,30,A,8,4,0.1,2000,30,A,0
105,0,98.11535506,-2.012821088,8,4,0.1,2000,30,A,8,4,0.1,2000,30,A,0
105.1,0,98.11282344,0,8,4,0.1,2000,30,A,8,4,0.1,2000,30,A,0
105.2,0,98.10993571,0,8,4,0.1,2000,30,A,8,4,0.1,2000,30,A,0
105.3,0,98.1091458,0,8,4,0.1,2000,30,A,8,4,0.1,2000,30,A,0
105.4,0,98.10823286,-1.872743225,8,4,0.1,2000,30,A,8,4,0.1,2000,30,A,0
105.5,0,98.1073523,2.027536932,8,4,0.1,2000,30,A,8,4,0.1,2000,30,A,0
105.6,0,98.10284589,-6.093946103,8,4,0.1,2000,30,A,8,4,0.1,2000,30,A,0
105.7,0,98.10228259,5.311390946,8,4,0.1,2000,30,A,8,4,0.1,2000,30,A,0
105.8,0,98.10012003,0,8,4,0.1,2000,30,A,8,4,0.1,2000,30,A,0
105.9,0,98.09929774,0,8,4,0.1,2000,30,A,8,4,0.1,2000,30,A,0
106,0,98.09850783,0,8,4,0.1,2000,30,A,8,4,0.1,2000,30,A,0
106.1,0,98.09748482,0,8,4,0.1,2000,30,A,8,4,0.1,2000,30,A,0
106.2,0,98.09611218,0,8,4,0.1,2000,30,A,8,4,0.1,2000,30,A,0
106.3,0,98.09543233,0,8,4,0.1,2000,30,A,8,4,0.1,2000,30,A,0
106.4,0,98.0920849,0,8,4,0.1,2000,30,A,8,4,0.1,2000,30,A,0
106.5,0,98.09070578,0,8,4,0.1,2000,30,A,8,4,0.1,2000,30,A,0
106.6,0,98.09014248,-0.373569162,8,4,0.1,2000,30,A,8,4,0.1,2000,30,A,0
106.7,0,98.08807057,0.344319114,8,4,0.1,2000,30,A,8,4,0.1,2000,30,A,0
106.8,0,98.08720943,0,8,4,0.1,2000,30,A,8,4,0.1,2000,30,A,0
106.9,0,98.08631592,0,8,4,0.1,2000,30,A,8,4,0.1,2000,30,A,0
107,0,98.08477493,0,8,4,0.1,2000,30,A,8,4,0.1,2000,30,A,0
107.1,0,98.08166707,0,8,4,0.1,2000,30,A,8,4,0.1,2000,30,A,0
107.2,0,97.93624475,0,8,4,0.1,2000,30,A,8,4,0.1,2000,30,A,0
107.3,0,97.93554548,0,8,4,0.1,2000,30,A,8,4,0.1,2000,30,A,0
107.4,0,97.93478146,0,8,4,0.1,2000,30,A,8,4,0.1,2000,30,A,0
107.5,0,97.93298149,0,8,4,0.1,2000,30,A,8,4,0.1,2000,30,A,0
107.6,0,97.93226927,0.742771999,8,4,0.1,2000,30,A,8,4,0.1,2000,30,A,0
107.7,0,97.93157647,-0.655119479,8,4,0.1,2000,30,A,8,4,0.1,2000,30,A,0
107.8,0,97.93027505,0,8,4,0.1,2000,30,A,8,4,0.1,2000,30,A,0
107.9,0,97.92892184,0,8,4,0.1,2000,30,A,8,4,0.1,2000,30,A,0
108,0,97.92598879,0,8,4,0.1,2000,30,A,8,4,0.1,2000,30,A,0
108.1,0,97.92502405,-0.739067393,8,4,0.1,2000,30,A,8,4,0.1,2000,30,A,0
108.2,0,97.92236942,0.845413718,8,4,0.1,2000,30,A,8,4,0.1,2000,30,A,0
108.3,0,97.9215795,-0.327613718,8,4,0.1,2000,30,A,8,4,0.1,2000,30,A,0
108.4,0,97.92115864,0.32021059,8,4,0.1,2000,30,A,8,4,0.1,2000,30,A,0
108.5,0,97.92077663,0,8,4,0.1,2000,30,A,8,4,0.1,2000,30,A,0
108.6,0,97.92002557,0,8,4,0.1,2000,30,A,8,4,0.1,2000,30,A,0
108.7,0,97.91943637,0,8,4,0.1,2000,30,A,8,4,0.1,2000,30,A,0
108.8,0,97.91639972,0,8,4,0.1,2000,30,A,8,4,0.1,2000,30,A,0
108.9,0,97.91456737,0,8,4,0.1,2000,30,A,8,4,0.1,2000,30,A,0
109,0,97.91352494,7.693621363,8,4,0.1,2000,30,A,8,4,0.1,2000,30,A,0
109.1,0,97.91199043,-1.126712194,8,4,0.1,2000,30,A,8,4,0.1,2000,30,A,0
109.2,0,97.90841638,-8.103227911,8,4,0.1,2000,30,A,8,4,0.1,2000,30,A,0
109.3,0,97.90803438,0,8,4,0.1,2000,30,A,8,4,0.1,2000,30,A,0
109.4,0,97.90768474,7.575617703,8,4,0.1,2000,30,A,8,4,0.1,2000,30,A,0
109.5,0,97.90744518,-1.147690196,8,4,0.1,2000,30,A,8,4,0.1,2000,30,A,0
109.6,0,97.34983541,-3.87739816,7.2,1.9,0.11,2000,30,A,8,4,0.1,2000,30,A,0
109.7,0,97.34938218,0,7,0.5,1,2000,30,A,8,4,0.1,2000,30,A,0
109.8,0,97.34716135,-0.942476584,8,0.1,0.1,2000,30,A,8,4,0.1,2000,30,A,0
109.9,0,97.34683762,0.676386381,6.48,0.85,0.121,2000,30,A,8,4,0.1,2000,30,A,0
110,0,97.34566569,-3.238180915,8,4,0.1,2000,30,A,8,4,0.1,2000,30,A,0
110.1,0,97.34478513,-4.225591694,8,4,0.1,2000,30,A,8,4,0.1,2000,30,A,0
110.2,0,97.34408586,6.93243443,7.2,1.9,0.11,2000,30,A,8,4,0.1,2000,30,A,0
110.3,0,97.34381392,0,8,4,0.1,2000,30,A,8,4,0.1,2000,30,A,0
110.4,0,97.34365205,0,8,4,0.1,2000,30,A,8,4,0.1,2000,30,A,0
110.5,0,97.33100044,0,8,4,0.1,2000,30,A,8,4,0.1,2000,30,A,0
110.6,0,97.33054073,0,8,4,0.1,2000,30,A,8,4,0.1,2000,30,A,0
110.7,0,97.32995801,0,8,4,0.1,2000,30,A,8,4,0.1,2000,30,A,0
110.8,0,97.19369095,18.97273171,8,4,0.1,2000,30,A,8,4,0.1,2000,30,A,0
110.9,0,97.19286866,-27.7220116,8,4,0.1,2000,30,A,8,4,0.1,2000,30,A,0
111,0,97.19226652,0,8,4,0.1,2000,30,A,8,4,0.1,2000,30,A,0
111.1,0,97.19184566,0,8,4,0.1,2000,30,A,8,4,0.1,2000,30,A,0
111.2,0,97.18972195,0,8,4,0.1,2000,30,A,8,4,0.1,2000,30,A,0
111.3,0,97.18862125,0,8,4,0.1,2000,30,A,8,4,0.1,2000,30,A,0
111.4,0,97.15049159,0,8,4,0.1,2000,30,A,8,4,0.1,2000,30,A,0
111.5,0,97.14992182,1.17479167,8,4,0.1,2000,30,A,8,4,0.1,2000,30,A,0
111.6,0,97.14944916,-1.342829326,8,4,0.1,2000,30,A,8,4,0.1,2000,30,A,0
111.7,0,97.14889881,0,8,4,0.1,2000,30,A,8,4,0.1,2000,30,A,0
111.8,0,97.14838731,-0.200485859,8,4,0.1,2000,30,A,8,4,0.1,2000,30,A,0
111.9,0,97.1472866,0.202580666,8,4,0.1,2000,30,A,7.2,1.9,0.11,2000,30,A,0
112,0,96.96037425,0,8,4,0.1,2000,30,A,8,4,0.1,2000,30,A,0
112.1,0,96.95975268,0,8,4,0.1,2000,30,A,8,4,0.1,2000,30,A,0
112.2,0,96.95918938,0,8,4,0.1,2000,30,A,8,4,0.1,2000,30,A,0
112.3,0,96.95832824,0,8,4,0.1,2000,30,A,8,4,0.1,2000,30,A,0
112.4,0,96.95558296,0,4,0,0.1,2000,30,A,8,4,0.1,2000,30,A,0
112.5,0,96.95426211,0,4,0,0.1,2000,30,A,8,4,0.1,2000,30,A,0
112.6,0,96.9539319,0,4,0,0.1,2000,30,A,8,4,0.1,2000,30,A,0
112.7,0,96.95321968,0,4,0,0.1,2000,30,A,8,4,0.1,2000,30,A,0
112.8,0,96.95235854,0,4,0,0.1,2000,30,A,8,4,0.1,2000,30,A,0
112.9,0,96.95153625,0,4,0,0.1,2000,30,A,8,4,0.1,2000,30,A,0
113,0,96.94996289,0,4,0,0.1,2000,30,A,8,4,0.1,2000,30,A,0
113.1,0,96.94937369,0,4,0,0.1,2000,30,A,8,4,0.1,2000,30,A,0
113.2,0,96.94892046,0,4,0,0.1,2000,30,A,8,4,0.1,2000,30,A,0
113.3,0,96.94776796,0,4,0,0.1,2000,30,A,8,4,0.1,2000,30,A,0
113.4,0,96.94728883,0,4,0,0.1,2000,30,A,8,4,0.1,2000,30,A,0
113.5,0,96.94697805,0,4,0,0.1,2000,30,A,8,4,0.1,2000,30,A,0
113.6,0,96.94503563,0,4,0,0.1,2000,30,A,8,4,0.1,2000,30,A,0
113.7,0,96.94377306,0,4,0,0.1,2000,30,A,8,4,0.1,2000,30,A,0
113.8,0,96.94240042,0,4,0,0.1,2000,30,A,8,4,0.1,2000,30,A,0
113.9,0,96.94090475,2.749369009,4,0,0.1,2000,30,A,8,0.1,0.1,2000,30,A,0
114,0,96.93923428,-0.339576749,4,0,0.1,2000,30,A,8,4,0.1,2000,30,A,0
114.1,0,96.93821127,-2.040636372,4,0,0.1,2000,30,A,8,4,0.1,2000,30,A,0
114.2,0,96.93668971,0.731144751,4,0,0.1,2000,30,A,8,4,0.1,2000,30,A,0
114.3,0,96.93632712,13.57629105,4,0,0.1,2000,30,A,8,4,0.1,2000,30,A,0
114.4,0,96.74672776,-2.046459385,4,0,0.1,2000,30,A,8,4,0.1,2000,30,A,0
114.5,0,96.7453357,22.73094615,4,0,0.1,2000,30,A,8,4,0.1,2000,30,A,0
114.6,0,96.74519325,-20.52099742,4,0,0.1,2000,30,A,8,4,0.1,2000,30,A,0
114.7,0,96.74216956,0,4,0,0.1,2000,30,A,8,4,0.1,2000,30,A,0
114.8,0,96.74134727,0,4,0,0.1,2000,30,A,8,4,0.1,2000,30,A,0
114.9,0,96.74103648,0,4,0,0.1,2000,30,A,8,4,0.1,2000,30,A,0
115,0,96.73895162,0,4,0,0.1,2000,30,A,8,4,0.1,2000,30,A,0
115.1,0,96.73858256,0,4,0,0.1,2000,30,A,8,4,0.1,2000,30,A,0
115.2,0,96.7363682,0,4,0,0.1,2000,30,A,8,4,0.1,2000,30,A,0
115.3,0,96.7329107,0,4,0,0.1,2000,30,A,8,4,0.1,2000,30,A,0
115.4,0,96.73256107,0,4,0,0.1,2000,30,A,8,4,0.1,2000,30,A,0
115.5,0,96.72871508,0,4,0,0.1,2000,30,A,8,4,0.1,2000,30,A,0
115.6,0,96.55091267,6.34548306,4,0,0.1,2000,30,A,8,4,0.1,2000,30,A,0
115.7,0,96.54999325,-7.577443552,4,0,0.1,2000,30,A,8,4,0.1,2000,30,A,0
115.8,0,96.5495724,5.504328007,4,0,0.1,2000,30,A,8,4,0.1,2000,30,A,0
115.9,0,96.26072198,-6.154274218,8,4,0.1,2000,30,A,8,4,0.1,2000,30,A,0
116,0,96.26039177,-0.143625525,8,4,0.1,2000,30,A,8,4,0.1,2000,30,A,0
116.1,0,96.25978962,0,8,4,0.1,2000,30,A,8,4,0.1,2000,30,A,0
116.2,0,96.25909035,0,8,4,0.1,2000,30,A,8,4,0.1,2000,30,A,0
116.3,0,96.25841698,0,8,4,0.1,2000,30,A,8,4,0.1,2000,30,A,0
116.4,0,96.25600191,0,8,4,0.1,2000,30,A,8,4,0.1,2000,30,A,0
116.5,0,96.25532206,0,8,4,0.1,2000,30,A,8,4,0.1,2000,30,A,0
116.6,0,96.25400769,0,8,4,0.1,2000,30,A,8,4,0.1,2000,30,A,0
116.7,0,96.25257678,0,8,4,0.1,2000,30,A,8,4,0.1,2000,30,A,0
116.8,0,96.25096457,0,8,4,0.1,2000,30,A,8,4,0.1,2000,30,A,0
116.9,0,96.25054371,1.974453202,6.48,0.85,0.121,2000,30,A,8,4,0.1,2000,30,A,0
117,0,95.67306302,-1.762145276,8,4,0.1,2000,30,A,8,4,0.1,2000,30,A,0
117.1,0,95.6724803,0,4,2,0.1,2000,30,A,8,4,0.1,2000,30,A,0
117.2,0,95.67082924,0,8,4,0.1,2000,30,A,8,4,0.1,2000,30,A,0
117.3,0,95.67040839,0,8,4,0.1,2000,30,A,8,4,0.1,2000,30,A,0
117.4,0,95.66967674,0,8,4,0.1,2000,30,A,10.8,1.9,0.11,2000,30,A,0
117.5,0,95.66852424,0,8,4,0.1,2000,30,A,8,4,0.1,2000,30,A,0
117.6,0,95.66829115,0,8,4,0.1,2000,30,A,8,4,0.1,2000,30,A,0
117.7,0,95.66819403,0,8,4,0.1,2000,30,A,8,4,0.1,2000,30,A,0
117.8,0,95.66078694,0,8,4,0.1,2000,30,A,8,4,0.1,2000,30,A,0
117.9,0,95.65956322,0,8,4,0.1,2000,30,A,8,4,0.1,2000,30,A,0
118,0,95.65758196,0,8,4,0.1,2000,30,A,10.8,1.9,0.11,2000,30,A,0
118.1,0,95.65620931,0,8,4,0.1,2000,30,A,8,4,0.1,2000,30,A,0
118.2,0,95.6554453,0,8,4,0.1,2000,30,A,8,4,0.1,2000,30,A,0
118.3,0,95.65022667,0,7.2,1.9,0.11,2000,30,A,8,4,0.1,2000,30,A,0
118.4,0,95.64949502,0,8,4,0.1,2000,30,A,8,4,0.1,2000,30,A,0
118.5,0,95.64926193,0,7.2,1.9,0.11,2000,30,A,8,4,0.1,2000,30,A,0
118.6,0,95.64753966,0,7.2,1.9,0.11,2000,30,A,8,4,0.1,2000,30,A,0
118.7,0,95.64717707,0,7.2,1.9,0.11,2000,30,A,8,4,0.1,2000,30,A,0
118.8,0,95.64693751,0,8,4,0.1,2000,30,A,8,4,0.1,2000,30,A,0
118.9,0,95.64474258,0,8,4,0.1,2000,30,A,8,4,0.1,2000,30,A,0
119,0,95.64445121,0,8,4,0.1,2000,30,A,8,4,0.1,2000,30,A,0
119.1,0,95.6359758,0,8,4,0.1,2000,30,A,8,4,0.1,2000,30,A,0
119.2,0,95.6354643,-6.130082146,8,4,0.1,2000,30,A,8,4,0.1,2000,30,A,0
119.3,0,95.63479093,4.67396068,8,4,0.1,2000,30,A,8,4,0.1,2000,30,A,0
119.4,0,95.63424057,2.72338921,8,4,0.1,2000,30,A,8,4,0.1,2000,30,A,0
119.5,0,95.63352835,0,8,4,0.1,2000,30,A,8,4,0.1,2000,30,A,0
119.6,0,95.62987013,-3.056653257,8,4,0.1,2000,30,A,8,4,0.1,2000,30,A,0
119.7,0,95.62884065,-0.540217926,8,4,0.1,2000,30,A,8,4,0.1,2000,30,A,0
119.8,0,95.62774642,2.379779508,8,4,0.1,2000,30,A,8,4,0.1,2000,30,A,0
119.9,0,95.62728672,0,8,4,0.1,2000,30,A,8,4,0.1,2000,30,A,0
120,0,95.59509439,0,8,4,0.1,2000,30,A,8,4,0.1,2000,30,A,0
120.1,0,95.5931196,0,8,4,0.1,2000,30,A,8,4,0.1,2000,30,A,0
120.2,0,95.59185703,0,8,4,0.1,2000,30,A,8,4,0.1,2000,30,A,0
120.3,0,95.59072395,0,8,4,0.1,2000,30,A,8,4,0.1,2000,30,A,0
120.4,0,95.58876858,0,8,4,0.1,2000,30,A,8,4,0.1,2000,30,A,0
120.5,0,95.58744774,0,8,4,0.1,2000,30,A,8,4,0.1,2000,30,A,0
120.6,0,94.77895535,0,8,4,0.1,2000,30,A,8,4,0.1,2000,30,A,0
120.7,0,94.77798414,0,8,4,0.1,2000,30,A,8,4,0.1,2000,30,A,0
120.8,0,94.77714242,0,8,4,0.1,2000,30,A,8,4,0.1,2000,30,A,0
120.9,0,94.77665034,0,8,4,0.1,2000,30,A,4,0,0.1,2000,30,A,0
121,0,94.77525828,0,8,4,0.1,2000,30,A,4,0,0.1,2000,30,A,0
121.1,0,94.77450721,0,8,4,0.1,2000,30,A,4,0,0.1,2000,30,A,0
121.2,0,94.76610949,0,8,4,0.1,2000,30,A,4,0,0.1,2000,30,A,0
121.3,0,94.7654167,0,8,4,0.1,2000,30,A,4,0,0.1,2000,30,A,0
121.4,0,94.7635714,0,8,4,0.1,2000,30,A,4,0,0.1,2000,30,A,0
121.5,0,94.76250955,0,8,4,0.1,2000,30,A,4,0,0.1,2000,30,A,0
121.6,0,94.76149949,0,8,4,0.1,2000,30,A,4,0,0.1,2000,30,A,0
121.7,0,94.7593952,0,8,4,0.1,2000,30,A,4,0,0.1,2000,30,A,0
121.8,0,94.75756933,0,8,4,0.1,2000,30,A,4,0,0.1,2000,30,A,0
121.9,0,94.7558341,0,8,4,0.1,2000,30,A,4,0,0.1,2000,30,A,0
122,0,94.75484347,0,8,4,0.1,2000,30,A,4,0,0.1,2000,30,A,0
122.1,0,94.16717156,0,8,4,0.1,2000,30,A,4,0,0.1,2000,30,A,0
122.2,0,94.16120834,0,8,4,0.1,2000,30,A,4,0,0.1,2000,30,A,0
122.3,0,94.16049612,0,8,4,0.1,2000,30,A,4,0,0.1,2000,30,A,0
122.4,0,94.15974505,0,8,4,0.1,2000,30,A,4,0,0.1,2000,30,A,0
122.5,0,94.15839184,0,8,4,0.1,2000,30,A,4,0,0.1,2000,30,A,0
122.6,0,94.15778969,0,4,0,0.1,2000,30,A,4,0,0.1,2000,30,A,0
122.7,0,94.15714869,0,4,0,0.1,2000,30,A,4,0,0.1,2000,30,A,0
122.8,0,94.15634582,0,4,0,0.1,2000,30,A,4,0,0.1,2000,30,A,0
122.9,0,94.15551706,0,4,0,0.1,2000,30,A,4,0,0.1,2000,30,A,0
123,0,94.15444226,0,4,0,0.1,2000,30,A,4,0,0.1,2000,30,A,0
123.1,0,94.15405377,0,4,0,0.1,2000,30,A,4,0,0.1,2000,30,A,0
123.2,0,94.15136676,0,4,0,0.1,2000,30,A,4,0,0.1,2000,30,A,0
123.3,0,94.15072576,0,4,0,0.1,2000,30,A,4,0,0.1,2000,30,A,0
123.4,0,94.10783719,0,4,0,0.1,2000,30,A,4,0,0.1,2000,30,A,0
123.5,0,94.10735806,0,4,0,0.1,2000,30,A,4,0,0.1,2000,30,A,0
123.6,0,94.10679476,0,4,0,0.1,2000,30,A,4,0,0.1,2000,30,A,0
123.7,0,94.10582355,0,4,0,0.1,2000,30,A,4,0,0.1,2000,30,A,0
123.8,0,94.10525377,0,4,0,0.1,2000,30,A,4,0,0.1,2000,30,A,0
123.9,0,94.10465162,0,4,0,0.1,2000,30,A,4,0,0.1,2000,30,A,0
124,0,94.10373869,0,4,0,0.1,2000,30,A,4,0,0.1,2000,30,A,0
124.1,0,94.10314949,0,4,0,0.1,2000,30,A,4,0,0.1,2000,30,A,0
124.2,0,94.10236604,0,4,0,0.1,2000,30,A,4,0,0.1,2000,30,A,0
124.3,0,94.10130419,0,4,0,0.1,2000,30,A,4,0,0.1,2000,30,A,0
124.4,0,94.10055312,0,4,0,0.1,2000,30,A,4,0,0.1,2000,30,A,0
124.5,0,94.09947184,0,4,0,0.1,2000,30,A,4,0,0.1,2000,30,A,0
124.6,0,94.09879847,0,4,0,0.1,2000,30,A,4,0,0.1,2000,30,A,0
124.7,0,94.09680426,0,4,0,0.1,2000,30,A,4,0,0.1,2000,30,A,0
124.8,0,94.09414962,0,4,0,0.1,2000,30,A,4,0,0.1,2000,30,A,0
124.9,0,94.04990135,0,4,0,0.1,2000,30,A,4,0,0.1,2000,30,A,0
125,0,94.04944165,0,4,0,0.1,2000,30,A,4,0,0.1,2000,30,A,0
125.1,0,94.04817907,0,4,0,0.1,2000,30,A,4,0,0.1,2000,30,A,0
125.2,0,94.04673521,0,4,0,0.1,2000,30,A,4,0,0.1,2000,30,A,0
125.3,0,94.0463532,0,4,0,0.1,2000,30,A,4,0,0.1,2000,30,A,0
125.4,0,94.04307699,0,4,0,0.1,2000,30,A,4,0,0.1,2000,30,A,0
125.5,0,94.04205398,0,4,0,0.1,2000,30,A,4,0,0.1,2000,30,A,0
125.6,0,94.04152306,0,4,0,0.1,2000,30,A,4,0,0.1,2000,30,A,0
125.7,0,94.04013099,0,4,0,0.1,2000,30,A,4,0,0.1,2000,30,A,0
125.8,0,93.94128137,0,4,0,0.1,2000,30,A,4,0,0.1,2000,30,A,0
125.9,0,93.94032959,0,4,0,0.1,2000,30,A,4,0,0.1,2000,30,A,0
126,0,93.93880803,0,4,0,0.1,2000,30,A,4,0,0.1,2000,30,A,0
126.1,0,93.93816703,0,4,0,0.1,2000,30,A,4,0,0.1,2000,30,A,0
126.2,0,93.9359203,0,4,0,0.1,2000,30,A,4,0,0.1,2000,30,A,0
126.3,0,93.93405558,0,4,0,0.1,2000,30,A,4,0,0.1,2000,30,A,0
126.4,0,93.93057865,0,4,0,0.1,2000,30,A,4,0,0.1,2000,30,A,0
126.5,0,93.92929666,0,4,0,0.1,2000,30,A,4,0,0.1,2000,30,A,0
126.6,0,93.92725064,0,4,0,0.1,2000,30,A,4,0,0.1,2000,30,A,0
126.7,0,93.92659022,0,4,0,0.1,2000,30,A,4,0,0.1,2000,30,A,0
126.8,0,93.91890472,0,4,0,0.1,2000,30,A,4,0,0.1,2000,30,A,0
126.9,0,93.91821193,0,4,0,0.1,2000,30,A,4,0,0.1,2000,30,A,0
127,0,93.91718892,0,4,0,0.1,2000,30,A,4,0,0.1,2000,30,A,0
127.1,0,93.91555729,0,4,0,0.1,2000,30,A,4,0,0.1,2000,30,A,0
127.2,0,93.91489687,0,4,0,0.1,2000,30,A,4,0,0.1,2000,30,A,0
127.3,0,93.88394121,0,4,0,0.1,2000,30,A,4,0,0.1,2000,30,A,0
127.4,0,93.88322899,0,4,0,0.1,2000,30,A,4,0,0.1,2000,30,A,0
127.5,0,93.8824067,0,4,0,0.1,2000,30,A,4,0,0.1,2000,30,A,0
127.6,0,93.76134877,0,4,0,0.1,2000,30,A,4,0,0.1,2000,30,A,0
127.7,0,93.76052648,0,4,0,0.1,2000,30,A,4,0,0.1,2000,30,A,0
127.8,0,93.75946463,0,4,0,0.1,2000,30,A,4,0,0.1,2000,30,A,0
127.9,0,93.75858406,0,4,0,0.1,2000,30,A,4,0,0.1,2000,30,A,0
128,0,93.75732797,0,4,0,0.1,2000,30,A,4,0,0.1,2000,30,A,0
128.1,0,93.75607835,0,4,0,0.1,2000,30,A,4,0,0.1,2000,30,A,0
128.2,0,93.75474455,0,4,0,0.1,2000,30,A,4,0,0.1,2000,30,A,0
128.3,0,93.75350141,0,4,0,0.1,2000,30,A,4,0,0.1,2000,30,A,0
128.4,0,93.75229711,0,4,0,0.1,2000,30,A,4,0,0.1,2000,30,A,0
128.5,0,93.75145539,0,4,0,0.1,2000,30,A,4,0,0.1,2000,30,A,0
128.6,0,93.74955182,0,4,0,0.1,2000,30,A,4,0,0.1,2000,30,A,0
128.7,0,93.74839932,3.150533138,4,0,0.1,2000,30,A,4,0,0.1,2000,30,A,0
128.8,0,93.7471756,5.969257437,4,0,0.1,2000,30,A,4,0,0.1,2000,30,A,0
128.9,0,93.7400793,-8.105339888,4,0,0.1,2000,30,A,4,0,0.1,2000,30,A,0
129,0,93.7394383,0,4,0,0.1,2000,30,A,4,0,0.1,2000,30,A,0
129.1,0,93.73813688,0,4,0,0.1,2000,30,A,4,0,0.1,2000,30,A,0
129.2,0,93.73596138,0,4,0,0.1,2000,30,A,4,0,0.1,2000,30,A,0
129.3,0,93.73555994,-14.78945374,4,0,0.1,2000,30,A,4,0,0.1,2000,30,A,0
129.4,0,93.34719948,21.18544386,4,0,0.1,2000,30,A,4,0,0.1,2000,30,A,0
129.5,0,93.33845861,1.115245596,4,0,0.1,2000,30,A,4,0,0.1,2000,30,A,0
129.6,0,93.33736438,0,4,0,0.1,2000,30,A,4,0,0.1,2000,30,A,0
129.7,0,93.33683345,0,4,0,0.1,2000,30,A,4,0,0.1,2000,30,A,0
129.8,0,93.33509822,0,4,0,0.1,2000,30,A,4,0,0.1,2000,30,A,0
129.9,0,93.3344378,0,4,0,0.1,2000,30,A,4,0,0.1,2000,30,A,0
130,0,93.32834509,0,4,0,0.1,2000,30,A,4,0,0.1,2000,30,A,0
130.1,0,93.27169125,0,4,0,0.1,2000,30,A,4,0,0.1,2000,30,A,0
130.2,0,93.2709596,0,4,0,0.1,2000,30,A,4,0,0.1,2000,30,A,0
130.3,0,93.26953516,0,4,0,0.1,2000,30,A,4,0,0.1,2000,30,A,0
130.4,0,93.26851216,0,4,0,0.1,2000,30,A,4,0,0.1,2000,30,A,0
130.5,0,93.26792296,0,4,0,0.1,2000,30,A,4,0,0.1,2000,30,A,0
130.6,0,93.26701002,0,4,0,0.1,2000,30,A,4,0,0.1,2000,30,A,0
130.7,0,93.26603881,0,4,0,0.1,2000,30,A,4,0,0.1,2000,30,A,0
130.8,0,93.26541724,0,4,0,0.1,2000,30,A,4,0,0.1,2000,30,A,0
130.9,0,93.26088493,0,4,0,0.1,2000,30,A,4,0,0.1,2000,30,A,0
131,0,93.25980365,0,4,0,0.1,2000,30,A,4,0,0.1,2000,30,A,0
131.1,0,93.25885187,0,4,0,0.1,2000,30,A,4,0,0.1,2000,30,A,0
131.2,0,93.25514185,0,4,0,0.1,2000,30,A,4,0,0.1,2000,30,A,0
131.3,0,93.25452028,0,4,0,0.1,2000,30,A,4,0,0.1,2000,30,A,0
131.4,0,93.25186564,0,4,0,0.1,2000,30,A,4,0,0.1,2000,30,A,0
131.5,0,93.22355814,0,4,0,0.1,2000,30,A,4,0,0.1,2000,30,A,0
131.6,0,93.21128207,0,4,0,0.1,2000,30,A,4,0,0.1,2000,30,A,0
131.7,0,93.21012956,0,4,0,0.1,2000,30,A,4,0,0.1,2000,30,A,0
131.8,0,93.20493684,0,4,0,0.1,2000,30,A,4,0,0.1,2000,30,A,0
131.9,0,93.20374549,0,4,0,0.1,2000,30,A,4,0,0.1,2000,30,A,0
132,0,93.20347355,0,4,0,0.1,2000,30,A,4,0,0.1,2000,30,A,0
132.1,0,93.19970526,0,4,0,0.1,2000,30,A,4,0,0.1,2000,30,A,0
132.2,0,93.19560676,0,0.824,0,0.418,2000,30,A,4,0,0.1,2000,30,A,0
132.3,0,93.19472619,0,1.395,0,0.259,2000,30,A,4,0,0.1,2000,30,A,0
132.4,0,93.19266076,0,1.017,0,0.345,2000,30,A,4,0,0.1,2000,30,A,0
132.5,0,93.19148883,0,0.824,0,0.418,2000,30,A,4,0,0.1,2000,30,A,0
132.6,0,93.19059532,0,4,0,0.1,2000,30,A,4,0,0.1,2000,30,A,0
132.7,0,93.18726084,0,4,0,0.1,2000,30,A,4,0,0.1,2000,30,A,0
132.8,0,93.18618603,0,4,0,0.1,2000,30,A,4,0,0.1,2000,30,A,0
132.9,0,93.18548676,0,4,0,0.1,2000,30,A,4,0,0.1,2000,30,A,0
133,0,93.18466447,0,4,0,0.1,2000,30,A,4,0,0.1,2000,30,A,0
133.1,0,93.18377096,0,4,0,0.1,2000,30,A,4,0,0.1,2000,30,A,0
133.2,0,91.04735139,0,4,0,0.1,2000,30,A,4,0,0.1,2000,30,A,0
133.3,0,91.01402598,0,4,0,0.1,2000,30,A,4,0,0.1,2000,30,A,0
133.4,0,91.01342383,0,4,0,0.1,2000,30,A,4,0,0.1,2000,30,A,0
133.5,0,91.01067855,0,4,0,0.1,2000,30,A,4,0,0.1,2000,30,A,0
133.6,0,91.00974619,0,4,0,0.1,2000,30,A,4,0,0.1,2000,30,A,0
133.7,0,91.00936418,0,4,0,0.1,2000,30,A,4,0,0.1,2000,30,A,0
133.8,0,91.00901455,0,4,0,0.1,2000,30,A,4,0,0.1,2000,30,A,0
133.9,0,91.00735054,0,4,0,0.1,2000,30,A,4,0,0.1,2000,30,A,0
134,0,91.00687141,0,4,0,0.1,2000,30,A,4,0,0.1,2000,30,A,0
134.1,0,91.00658005,0,4,0,0.1,2000,30,A,4,0,0.1,2000,30,A,0
134.2,0,91.00455346,0,4,0,0.1,2000,30,A,4,0,0.1,2000,30,A,0
134.3,0,91.00185998,0,4,0,0.1,2000,30,A,4,0,0.1,2000,30,A,0
134.4,0,90.99890103,0,4,0,0.1,2000,30,A,4,0,0.1,2000,30,A,0
134.5,0,90.90514701,0,4,0,0.1,2000,30,A,4,0,0.1,2000,30,A,0
134.6,0,90.90459666,0,4,0,0.1,2000,30,A,4,0,0.1,2000,30,A,0
134.7,0,90.90392329,0,4,0,0.1,2000,30,A,4,0,0.1,2000,30,A,0
134.8,0,90.90277079,0,4,0,0.1,2000,30,A,4,0,0.1,2000,30,A,0
134.9,0,90.90172836,0,4,0,0.1,2000,30,A,4,0,0.1,2000,30,A,0
135,0,90.85175643,0,4,0,0.1,2000,30,A,4,0,0.1,2000,30,A,0
135.1,0,90.85100537,0,4,0,0.1,2000,30,A,4,0,0.1,2000,30,A,0
135.2,0,90.8507658,0,4,0,0.1,2000,30,A,4,0,0.1,2000,30,A,0
135.3,0,90.84994351,0,4,0,0.1,2000,30,A,4,0,0.1,2000,30,A,0
135.4,0,90.84925072,0,4,0,0.1,2000,30,A,4,0,0.1,2000,30,A,0
135.5,0,90.84866152,0,4,0,0.1,2000,30,A,4,0,0.1,2000,30,A,0
135.6,0,90.84641479,0,4,0,0.1,2000,30,A,4,0,0.1,2000,30,A,0
135.7,0,90.84410978,0,4,0,0.1,2000,30,A,4,0,0.1,2000,30,A,0
135.8,0,90.84299613,0,4,0,0.1,2000,30,A,4,0,0.1,2000,30,A,0
135.9,0,90.84120263,0,4,0,0.1,2000,30,A,4,0,0.1,2000,30,A,0
136,0,90.81700659,0,4,0,0.1,2000,30,A,4,0,0.1,2000,30,A,0
136.1,0,90.8142872,0,4,0,0.1,2000,30,A,4,0,0.1,2000,30,A,0
136.2,0,90.80925634,0,4,0,0.1,2000,30,A,4,0,0.1,2000,30,A,0
